,,,,,,,217-0620-v001,217-0620-v002,217-0618-v001,217-0618-v002,217-0613-v001,217-0613-v002,217-0613-v003,217-0613-v004,217-0613-v005,217-0613-v006,217-0613-v007,217-0611-v001,217-0611-v002,217-0611-v003,217-0611-v004,217-0611-v005,217-0611-v006,217-0611-v007,217-0606-v001,217-0606-v002,217-0606-v003,217-0606-v004,217-0606-v005,217-0604-v001,217-0604-v002,217-0604-v003,217-0604-v004,217-0604-v005,217-0530-v001,217-0530-v002,217-0530-v003,217-0530-v004,217-0528-v001,217-0528-v002,217-0528-v003,217-0528-v004,217-0528-v005,217-0528-v006,217-0528-v007,217-0528-v008,217-0528-v009,217-0523-v001,217-0523-v002,217-0523-v003,217-0523-v004,217-0523-v005,217-0523-v006,217-0521-v001,217-0521-v002,217-0521-v003,217-0521-v004,217-0521-v005,217-0521-v006,217-0521-v007,217-0521-v008,217-0521-v009,217-0521-v010,217-0521-v011,217-0516-v001,217-0516-v002,217-0516-v003,217-0516-v004,217-0516-v005,217-0516-v006,217-0514-v001,217-0514-v002,217-0509-v001,217-0509-v002,217-0509-v003,217-0509-v004,217-0509-v005,217-0509-v006,217-0509-v007,217-0509-v008,217-0509-v009,217-0425-v001,217-0425-v002,217-0425-v003,217-0423-v001,217-0423-v002,217-0423-v003,217-0423-v004,217-0418-v001,217-0418-v002,217-0418-v003,217-0416-v001,217-0416-v002,217-0416-v003,217-0411-v001,217-0411-v002,217-0411-v003,217-0411-v004,217-0409-v001,217-0409-v002,217-0409-v003,217-0401-v001,217-0331-v001,217-0331-v002,217-0331-v003,217-0331-v004,217-0331-v005,217-0331-v006,217-0331-v007,217-0331-v008,217-0331-v009,217-0331-v010,217-0331-v011,217-0331-v012,217-0331-v013,217-0326-v001,217-0326-v002,217-0326-v003,217-0326-v004,217-0326-v005,217-0326-v006,217-0326-v007,217-0326-v008,217-0326-v009,217-0326-v010,217-0326-v011,217-0326-v012,217-0326-v013,217-0314-v001,217-0314-v002,217-0219-v001,217-0219-v002,217-0219-v003,217-0219-v004,217-0219-v005,217-0219-v006,217-0219-v007,217-0219-v008,217-0219-v009,217-0219-v010,217-0219-v011,217-0219-v012
,,,,,,,日程第１ 独立行政法人男女共同参画機構法案（内閣提出、衆議院送付）,日程第２ 独立行政法人男女共同参画機構法の施行に伴う関係法律の整備等に関する法律案（内閣提出、衆議院送付）,日程第２ ギャンブル等依存症対策基本法の一部を改正する法律案（衆議院提出）,日程第３ 社会保険労務士法の一部を改正する法律案（衆議院提出）,日程第１ スポーツ基本法及びスポーツにおけるドーピングの防止活動の推進に関する法律の一部を改正する法律案（衆議院提出）,日程第２ 外国為替及び外国貿易法第十条第二項の規定に基づき、北朝鮮を仕向地とする貨物の輸出及び北朝鮮を原産地又は船積地域とする貨物の輸入につき承認義務を課する等の措置を講じたことについて承認を求めるの件（衆議院送付）,日程第３ 信託業法の一部を改正する法律案（内閣提出、衆議院送付）,日程第４ 盗難特定金属製物品の処分の防止等に関する法律案（内閣提出、衆議院送付）,日程第５ 手話に関する施策の推進に関する法律案（内閣委員長提出）,日程第６ 環境影響評価法の一部を改正する法律案（内閣提出、衆議院送付）,日程第７ 社会経済の変化を踏まえた年金制度の機能強化のための国民年金法等の一部を改正する等の法律案（内閣提出、衆議院送付）,日程第１ 令和五年度一般会計歳入歳出決算、令和五年度特別会計歳入歳出決算、令和五年度国税収納金整理資金受払計算書、令和五年度政府関係機関決算書「委員長報告のとおり是認すること」,日程第１ 令和五年度一般会計歳入歳出決算、令和五年度特別会計歳入歳出決算、令和五年度国税収納金整理資金受払計算書、令和五年度政府関係機関決算書「委員長報告のとおり内閣に対し警告すること」,日程第２ 令和五年度国有財産増減及び現在額総計算書,日程第３ 令和五年度国有財産無償貸付状況総計算書,日程第４ 公立の義務教育諸学校等の教育職員の給与等に関する特別措置法等の一部を改正する法律案（内閣提出、衆議院送付）,日程第５ 日本学術会議法案（内閣提出、衆議院送付）,日程第６ 食品等の流通の合理化及び取引の適正化に関する法律及び卸売市場法の一部を改正する法律案（内閣提出、衆議院送付）,日程第１ 日本国の自衛隊とフィリピンの軍隊との間における相互のアクセス及び協力の円滑化に関する日本国とフィリピン共和国との間の協定の締結について承認を求めるの件（衆議院送付）,日程第２ 日本国の自衛隊とイタリア共和国の軍隊との間における物品又は役務の相互の提供に関する日本国政府とイタリア共和国政府との間の協定の締結について承認を求めるの件（衆議院送付）,日程第３ 行政書士法の一部を改正する法律案（衆議院提出）,日程第４ 資金決済に関する法律の一部を改正する法律案（内閣提出、衆議院送付）,日程第５ 円滑な事業再生を図るための事業者の金融機関等に対する債務の調整の手続等に関する法律案（内閣提出、衆議院送付）,日程第１ 株式会社地域経済活性化支援機構法の一部を改正する法律案（内閣提出、衆議院送付）,日程第２ 公益通報者保護法の一部を改正する法律案（内閣提出、衆議院送付）,日程第３ 労働施策の総合的な推進並びに労働者の雇用の安定及び職業生活の充実等に関する法律等の一部を改正する法律案（内閣提出、衆議院送付）,日程第４ 貨物自動車運送事業法の一部を改正する法律案（衆議院提出）,日程第５ 貨物自動車運送事業の適正化のための体制の整備等の推進に関する法律案（衆議院提出）,日程第１ 譲渡担保契約及び所有権留保契約に関する法律案（内閣提出、衆議院送付）,日程第２ 譲渡担保契約及び所有権留保契約に関する法律の施行に伴う関係法律の整備等に関する法律案（内閣提出、衆議院送付）,日程第３ 航空法等の一部を改正する法律案（内閣提出、衆議院送付）,日程第４ 保険業法の一部を改正する法律案（内閣提出、衆議院送付）,国際協同組合年に当たり協同組合の振興を図る決議案（山本順三君外１６名発議）,日程第１ 国会議員の選挙等の執行経費の基準に関する法律の一部を改正する法律案（内閣提出、衆議院送付）,日程第２ 災害対策基本法等の一部を改正する法律案（内閣提出、衆議院送付）,日程第３ 令和五年度一般会計原油価格・物価高騰対策及び賃上げ促進環境整備対応予備費使用総調書及び各省各庁所管使用調書（第２１６回国会内閣提出、第２１７回国会衆議院送付）,日程第５ 令和五年度特別会計予備費使用総調書及び各省各庁所管使用調書（第２１６回国会内閣提出、第２１７回国会衆議院送付）,日程第４ 令和五年度一般会計予備費使用総調書及び各省各庁所管使用調書（第２１６回国会内閣提出、第２１７回国会衆議院送付）,日程第６ 令和五年度特別会計予算総則第二十一条第一項の規定による経費増額総調書及び各省各庁所管経費増額調書（第２１６回国会内閣提出、第２１７回国会衆議院送付）,日程第７ 脱炭素成長型経済構造への円滑な移行の推進に関する法律及び資源の有効な利用の促進に関する法律の一部を改正する法律案（内閣提出、衆議院送付）,日程第８ 人工知能関連技術の研究開発及び活用の推進に関する法律案（内閣提出、衆議院送付）,日程第１ 海洋法に関する国際連合条約に基づくいずれの国の管轄にも属さない区域における海洋の生物の多様性の保全及び持続可能な利用に関する協定の締結について承認を求めるの件（衆議院送付）,日程第２ 職業上の安全及び健康並びに作業環境に関する条約（第百五十五号）の締結について承認を求めるの件（衆議院送付）,日程第３ 千九百九十五年の漁船員の訓練及び資格証明並びに当直の基準に関する国際条約の締結について承認を求めるの件（衆議院送付）,日程第４ 森林経営管理法及び森林法の一部を改正する法律案（内閣提出、衆議院送付）,日程第５ 民事裁判情報の活用の促進に関する法律案（内閣提出、衆議院送付）,日程第６ 老朽化マンション等の管理及び再生の円滑化等を図るための建物の区分所有等に関する法律等の一部を改正する法律案（内閣提出、衆議院送付）,国家公務員等の任命に関する件「人事官（川本裕子君）」,国家公務員等の任命に関する件「原子力委員会委員（吉橋幸子君）及び原子力規制委員会委員（杉山智之君及び神田玲子君）」,国家公務員等の任命に関する件「個人情報保護委員会委員長（手塚悟君）及び中央社会保険医療協議会公益委員（飯塚敏晃君）」,国家公務員等の任命に関する件「公認会計士・監査審査会委員（宮本佐知子君）、預金保険機構理事(田口紀子君及び島村英君）、労働保険審査会委員(齋藤育子君）及び中央社会保険医療協議会公益委員(本田文子君）」,国家公務員等の任命に関する件「公害等調整委員会委員（中村也寸志君）」,国家公務員等の任命に関する件「公害等調整委員会委員（大瀧敦子君）、日本放送協会経営委員会委員(大草透君、岡田美弥子君、藤本雅彦君及び田渕正朗君）及び労働保険審査会委員(菅野淑子君）」,国家公務員等の任命に関する件「日本放送協会経営委員会委員（榊原一夫君）」,国家公務員等の任命に関する件「日本銀行政策委員会審議委員(増一行君）」,国家公務員等の任命に関する件「社会保険審査会委員（浦野真美子君）」,日程第２ 電気通信事業法及び日本電信電話株式会社等に関する法律の一部を改正する法律案（内閣提出、衆議院送付）,日程第３ 防衛省設置法等の一部を改正する法律案（内閣提出、衆議院送付）,日程第１ 行政手続における特定の個人を識別するための番号の利用等に関する法律及び住民基本台帳法の一部を改正する法律案（内閣提出、衆議院送付）,日程第２ 特別会計に関する法律の一部を改正する法律案（内閣提出、衆議院送付）,日程第３ 下請代金支払遅延等防止法及び下請中小企業振興法の一部を改正する法律案（内閣提出、衆議院送付）,日程第４ 情報通信技術の進展等に対応するための刑事訴訟法等の一部を改正する法律案（内閣提出、衆議院送付）,日程第５ 重要電子計算機に対する不正な行為による被害の防止に関する法律案（内閣提出、衆議院送付）,日程第６ 重要電子計算機に対する不正な行為による被害の防止に関する法律の施行に伴う関係法律の整備等に関する法律案（内閣提出、衆議院送付）,日程第１ 特定船舶の入港の禁止に関する特別措置法第五条第一項の規定に基づき、特定船舶の入港禁止の実施につき承認を求めるの件（衆議院送付）,日程第２ 医薬品、医療機器等の品質、有効性及び安全性の確保等に関する法律等の一部を改正する法律案（内閣提出、衆議院送付）,日程第１ 航空業務に関する日本国とチェコ共和国との間の協定の締結について承認を求めるの件（衆議院送付）,日程第２ 航空業務に関する日本国とルクセンブルク大公国との間の協定の締結について承認を求めるの件（衆議院送付）,日程第４ 東南アジア諸国連合貿易投資観光促進センターを設立する協定の第二次改正の受諾について承認を求めるの件（衆議院送付）,日程第３ 千九百九十四年四月十五日にマラケシュで作成された世界貿易機関を設立するマラケシュ協定のサービスの貿易に関する一般協定の日本国の特定の約束に係る表の改善に関する確認書の締結について承認を求めるの件（衆議院送付）,日程第５ 地域の自主性及び自立性を高めるための改革の推進を図るための関係法律の整備に関する法律案（内閣提出、衆議院送付）,日程第６ 株式会社日本政策投資銀行法の一部を改正する法律案（内閣提出、衆議院送付）,国会法及び議院における証人の宣誓及び証言等に関する法律の一部を改正する法律案（衆議院提出）,参議院規則の一部を改正する規則案（馬場成志君外７名発議）,参議院情報監視審査会規程の一部を改正する規程案（馬場成志君外７名発議）,日程第１ 船員法等の一部を改正する法律案（内閣提出、衆議院送付）,日程第２ 漁業災害補償法の一部を改正する法律案（内閣提出、衆議院送付）,日程第３ 情報処理の促進に関する法律及び特別会計に関する法律の一部を改正する法律案（内閣提出、衆議院送付）,日程第１ 所得に対する租税に関する二重課税の除去並びに脱税及び租税回避の防止のための日本国政府とウクライナ政府との間の条約の締結について承認を求めるの件（衆議院送付）,日程第２ 所得に対する租税に関する二重課税の除去並びに脱税及び租税回避の防止のための日本国とトルクメニスタンとの間の条約の締結について承認を求めるの件（衆議院送付）,日程第３ 所得に対する租税に関する二重課税の除去並びに脱税及び租税回避の防止のための日本国とアルメニア共和国との間の条約の締結について承認を求めるの件（衆議院送付）,日程第４ 経済上の連携に関する日本国とインドネシア共和国との間の協定を改正する議定書の締結について承認を求めるの件（衆議院送付）,日程第１ 電波法及び放送法の一部を改正する法律案（内閣提出、衆議院送付）,日程第２ 児童福祉法等の一部を改正する法律案（内閣提出、衆議院送付）,日程第３ 鳥獣の保護及び管理並びに狩猟の適正化に関する法律の一部を改正する法律案（内閣提出、衆議院送付）,日程第１ 自殺対策基本法の一部を改正する法律案（厚生労働委員長提出）,日程第２ 港湾法等の一部を改正する法律案（内閣提出、衆議院送付）,日程第３ 日本国の自衛隊と我が国以外の締約国の軍隊との間における相互のアクセス及び協力の円滑化に関する日本国と我が国以外の締約国との間の協定の実施に関する法律案（内閣提出、衆議院送付）,日程第１ 国際開発協会への加盟に伴う措置に関する法律及び米州投資公社への加盟に伴う措置に関する法律の一部を改正する法律案（内閣提出、衆議院送付）,日程第２ 労働安全衛生法及び作業環境測定法の一部を改正する法律案（内閣提出）,日程第３ 裁判所職員定員法の一部を改正する法律案（内閣提出、衆議院送付）,日程第４ 海洋再生可能エネルギー発電設備の整備に係る海域の利用の促進に関する法律の一部を改正する法律案（内閣提出）,日程第１ 風俗営業等の規制及び業務の適正化等に関する法律の一部を改正する法律案（内閣提出）,日程第２ 道路法等の一部を改正する法律案（内閣提出、衆議院送付）,日程第３ 独立行政法人国際協力機構法の一部を改正する法律案（内閣提出、衆議院送付）,日程第１ 放送法第七十条第二項の規定に基づき、承認を求めるの件（衆議院送付）,令和七年度一般会計予算「委員長報告のとおり修正議決すること」,令和七年度特別会計予算,令和七年度政府関係機関予算,日程第１ 土地改良法等の一部を改正する法律案（内閣提出、衆議院送付）,日程第２ 棚田地域振興法の一部を改正する法律案（衆議院提出）,日程第３ 山村振興法の一部を改正する法律案（衆議院提出）  ,大学等における修学の支援に関する法律の一部を改正する法律案（内閣提出、衆議院送付）,所得税法等の一部を改正する法律案（内閣提出、衆議院送付）,関税定率法等の一部を改正する法律案（内閣提出、衆議院送付）,地方税法及び地方税法等の一部を改正する法律の一部を改正する法律案（内閣提出、衆議院送付）,地方交付税法等の一部を改正する法律案（内閣提出、衆議院送付）,地域人口の急減に対処するための特定地域づくり事業の推進に関する法律の一部を改正する法律案（衆議院提出）,戦没者等の遺族に対する特別弔慰金支給法の一部を改正する法律案（内閣提出、衆議院送付）,国家公務員等の任命に関する件「公正取引委員会委員長（茶谷栄治君）」,国家公務員等の任命に関する件「会計検査院情報公開・個人情報保護審査会委員（杉山治樹君）」,国家公務員等の任命に関する件「会計検査院情報公開・個人情報保護審査会委員（福重さと子君）、公益認定等委員会委員（生野考司君、原田大樹君及び北村聡子君）、公認会計士・監査審査会会長（青木雅明君）、同委員（上田亮子君、古布薫君、玉井裕子君、川村義則君及び塩谷公朗君）、行政不服審査会委員（八木一洋君、田澤奈津子君、羽田淳一君、福本美苗君、中原茂樹君及び野口貴公美君）及び情報公開・個人情報保護審査会委員（中里智美君、武藤京子君、寺田麻佑君及び久末弥生君）」,国家公務員等の任命に関する件「会計検査院情報公開・個人情報保護審査会委員（堀江正之君）、国家公安委員会委員（相星孝一君）、公認会計士・監査審査会委員（千葉通子君）、情報公開・個人情報保護審査会委員（木村麿君及び佐藤郁美君）及び公害健康被害補償不服審査会委員（八木貴美子君）」,国家公務員等の任命に関する件「公益認定等委員会委員（清水新一郎君）及び公害健康被害補償不服審査会委員（山田広樹君）」,国家公務員等の任命に関する件「公益認定等委員会委員（黒田かをり君及び湯浅信好君）、公認会計士・監査審査会委員（蟹江章君）、情報公開・個人情報保護審査会委員（芳仲美惠子君及び中村真由美君）及び中央更生保護審査会委員（辻惠介君）」,国家公務員等の任命に関する件「公益認定等委員会委員（石津寿惠君）」,国家公務員等の任命に関する件「公認会計士・監査審査会委員（井野貴章君）及び情報公開・個人情報保護審査会委員（稲山文男君）」,日程第１ 公職選挙法の一部を改正する法律案（衆議院提出第９号）,日程第２ 公職選挙法の一部を改正する法律案（衆議院提出第１０号）,日程第３ 半島振興法の一部を改正する法律案（衆議院提出）,日程第４ 地震防災対策強化地域における地震対策緊急整備事業に係る国の財政上の特別措置に関する法律の一部を改正する法律案（衆議院提出）,議院に出頭する証人等の旅費及び日当に関する法律の一部を改正する法律案（衆議院提出）,参議院規則の一部を改正する規則案（馬場成志君外７名発議）,参議院憲法審査会規程の一部を改正する規程案（馬場成志君外７名発議）,日程第１ 国家公務員等の任命に関する件「検査官（田中淳子君）」,日程第１ 国家公務員等の任命に関する件「検査官（挽文子君）」,日程第１ 国家公務員等の任命に関する件「総合科学技術・イノベーション会議議員（宮園浩平君）、労働保険審査会委員（比佐和枝君及び廣尚典君）、中央社会保険医療協議会公益委員（城山英明君）、中央労働委員会公益委員（久保田安彦君）及び運輸安全委員会委員（高野滋君及び松井裕子君）」,日程第１ 国家公務員等の任命に関する件「総合科学技術・イノベーション会議議員（鈴木純君）」,日程第１ 国家公務員等の任命に関する件「総合科学技術・イノベーション会議議員（波多野睦子君）」,日程第１ 国家公務員等の任命に関する件「預金保険機構理事長（三井秀範君）」,日程第１ 国家公務員等の任命に関する件「預金保険機構理事（正願隆一君）、同監事（大谷益世君）、中央社会保険医療協議会公益委員（笠木映里君）、社会保険審査会委員（辻本京子君）、中央労働委員会公益委員（安西明子君、磯部哲君、小畑史子君、小圷淳子君、小西康之君、鹿士眞由美君、原恵美君、深道祐子君、川田琢之君、権丈英子君及び山川隆一君）、運輸安全委員会委員長（李家賢一君）及び同委員（早田久子君、津田宏果君及び高橋明子君）」,日程第１ 国家公務員等の任命に関する件「預金保険機構理事（山崎英司君）」,日程第１ 国家公務員等の任命に関する件「電波監理審議会委員（西村暢史君及び矢嶋雅子君）」,日程第１ 国家公務員等の任命に関する件「日本銀行政策委員会審議委員（小枝淳子君）及び中央労働委員会公益委員（鹿野菜穂子君）」,日程第１ 国家公務員等の任命に関する件「中央労働委員会公益委員（荒木尚志君）及び運輸審議会委員（三浦大介君）」,日程第１ 国家公務員等の任命に関する件「中央労働委員会公益委員（石井浩君）」
,,,,,,,令和07年6月20日,令和07年6月20日,令和07年6月18日,令和07年6月18日,令和07年6月13日,令和07年6月13日,令和07年6月13日,令和07年6月13日,令和07年6月13日,令和07年6月13日,令和07年6月13日,令和07年6月11日,令和07年6月11日,令和07年6月11日,令和07年6月11日,令和07年6月11日,令和07年6月11日,令和07年6月11日,令和07年6月6日,令和07年6月6日,令和07年6月6日,令和07年6月6日,令和07年6月6日,令和07年6月4日,令和07年6月4日,令和07年6月4日,令和07年6月4日,令和07年6月4日,令和07年5月30日,令和07年5月30日,令和07年5月30日,令和07年5月30日,令和07年5月28日,令和07年5月28日,令和07年5月28日,令和07年5月28日,令和07年5月28日,令和07年5月28日,令和07年5月28日,令和07年5月28日,令和07年5月28日,令和07年5月23日,令和07年5月23日,令和07年5月23日,令和07年5月23日,令和07年5月23日,令和07年5月23日,令和07年5月21日,令和07年5月21日,令和07年5月21日,令和07年5月21日,令和07年5月21日,令和07年5月21日,令和07年5月21日,令和07年5月21日,令和07年5月21日,令和07年5月21日,令和07年5月21日,令和07年5月16日,令和07年5月16日,令和07年5月16日,令和07年5月16日,令和07年5月16日,令和07年5月16日,令和07年5月14日,令和07年5月14日,令和07年5月9日,令和07年5月9日,令和07年5月9日,令和07年5月9日,令和07年5月9日,令和07年5月9日,令和07年5月9日,令和07年5月9日,令和07年5月9日,令和07年4月25日,令和07年4月25日,令和07年4月25日,令和07年4月23日,令和07年4月23日,令和07年4月23日,令和07年4月23日,令和07年4月18日,令和07年4月18日,令和07年4月18日,令和07年4月16日,令和07年4月16日,令和07年4月16日,令和07年4月11日,令和07年4月11日,令和07年4月11日,令和07年4月11日,令和07年4月9日,令和07年4月9日,令和07年4月9日,令和07年4月1日,令和07年3月31日,令和07年3月31日,令和07年3月31日,令和07年3月31日,令和07年3月31日,令和07年3月31日,令和07年3月31日,令和07年3月31日,令和07年3月31日,令和07年3月31日,令和07年3月31日,令和07年3月31日,令和07年3月31日,令和07年3月26日,令和07年3月26日,令和07年3月26日,令和07年3月26日,令和07年3月26日,令和07年3月26日,令和07年3月26日,令和07年3月26日,令和07年3月26日,令和07年3月26日,令和07年3月26日,令和07年3月26日,令和07年3月26日,令和07年3月14日,令和07年3月14日,令和07年2月19日,令和07年2月19日,令和07年2月19日,令和07年2月19日,令和07年2月19日,令和07年2月19日,令和07年2月19日,令和07年2月19日,令和07年2月19日,令和07年2月19日,令和07年2月19日,令和07年2月19日
議員名,政党/会派,選挙区,任期満了,情報URL,会派変更,欠席率,https://www.sangiin.go.jp/japanese/touhyoulist/217/217-0620-v001.htm,https://www.sangiin.go.jp/japanese/touhyoulist/217/217-0620-v002.htm,https://www.sangiin.go.jp/japanese/touhyoulist/217/217-0618-v001.htm,https://www.sangiin.go.jp/japanese/touhyoulist/217/217-0618-v002.htm,https://www.sangiin.go.jp/japanese/touhyoulist/217/217-0613-v001.htm,https://www.sangiin.go.jp/japanese/touhyoulist/217/217-0613-v002.htm,https://www.sangiin.go.jp/japanese/touhyoulist/217/217-0613-v003.htm,https://www.sangiin.go.jp/japanese/touhyoulist/217/217-0613-v004.htm,https://www.sangiin.go.jp/japanese/touhyoulist/217/217-0613-v005.htm,https://www.sangiin.go.jp/japanese/touhyoulist/217/217-0613-v006.htm,https://www.sangiin.go.jp/japanese/touhyoulist/217/217-0613-v007.htm,https://www.sangiin.go.jp/japanese/touhyoulist/217/217-0611-v001.htm,https://www.sangiin.go.jp/japanese/touhyoulist/217/217-0611-v002.htm,https://www.sangiin.go.jp/japanese/touhyoulist/217/217-0611-v003.htm,https://www.sangiin.go.jp/japanese/touhyoulist/217/217-0611-v004.htm,https://www.sangiin.go.jp/japanese/touhyoulist/217/217-0611-v005.htm,https://www.sangiin.go.jp/japanese/touhyoulist/217/217-0611-v006.htm,https://www.sangiin.go.jp/japanese/touhyoulist/217/217-0611-v007.htm,https://www.sangiin.go.jp/japanese/touhyoulist/217/217-0606-v001.htm,https://www.sangiin.go.jp/japanese/touhyoulist/217/217-0606-v002.htm,https://www.sangiin.go.jp/japanese/touhyoulist/217/217-0606-v003.htm,https://www.sangiin.go.jp/japanese/touhyoulist/217/217-0606-v004.htm,https://www.sangiin.go.jp/japanese/touhyoulist/217/217-0606-v005.htm,https://www.sangiin.go.jp/japanese/touhyoulist/217/217-0604-v001.htm,https://www.sangiin.go.jp/japanese/touhyoulist/217/217-0604-v002.htm,https://www.sangiin.go.jp/japanese/touhyoulist/217/217-0604-v003.htm,https://www.sangiin.go.jp/japanese/touhyoulist/217/217-0604-v004.htm,https://www.sangiin.go.jp/japanese/touhyoulist/217/217-0604-v005.htm,https://www.sangiin.go.jp/japanese/touhyoulist/217/217-0530-v001.htm,https://www.sangiin.go.jp/japanese/touhyoulist/217/217-0530-v002.htm,https://www.sangiin.go.jp/japanese/touhyoulist/217/217-0530-v003.htm,https://www.sangiin.go.jp/japanese/touhyoulist/217/217-0530-v004.htm,https://www.sangiin.go.jp/japanese/touhyoulist/217/217-0528-v001.htm,https://www.sangiin.go.jp/japanese/touhyoulist/217/217-0528-v002.htm,https://www.sangiin.go.jp/japanese/touhyoulist/217/217-0528-v003.htm,https://www.sangiin.go.jp/japanese/touhyoulist/217/217-0528-v004.htm,https://www.sangiin.go.jp/japanese/touhyoulist/217/217-0528-v005.htm,https://www.sangiin.go.jp/japanese/touhyoulist/217/217-0528-v006.htm,https://www.sangiin.go.jp/japanese/touhyoulist/217/217-0528-v007.htm,https://www.sangiin.go.jp/japanese/touhyoulist/217/217-0528-v008.htm,https://www.sangiin.go.jp/japanese/touhyoulist/217/217-0528-v009.htm,https://www.sangiin.go.jp/japanese/touhyoulist/217/217-0523-v001.htm,https://www.sangiin.go.jp/japanese/touhyoulist/217/217-0523-v002.htm,https://www.sangiin.go.jp/japanese/touhyoulist/217/217-0523-v003.htm,https://www.sangiin.go.jp/japanese/touhyoulist/217/217-0523-v004.htm,https://www.sangiin.go.jp/japanese/touhyoulist/217/217-0523-v005.htm,https://www.sangiin.go.jp/japanese/touhyoulist/217/217-0523-v006.htm,https://www.sangiin.go.jp/japanese/touhyoulist/217/217-0521-v001.htm,https://www.sangiin.go.jp/japanese/touhyoulist/217/217-0521-v002.htm,https://www.sangiin.go.jp/japanese/touhyoulist/217/217-0521-v003.htm,https://www.sangiin.go.jp/japanese/touhyoulist/217/217-0521-v004.htm,https://www.sangiin.go.jp/japanese/touhyoulist/217/217-0521-v005.htm,https://www.sangiin.go.jp/japanese/touhyoulist/217/217-0521-v006.htm,https://www.sangiin.go.jp/japanese/touhyoulist/217/217-0521-v007.htm,https://www.sangiin.go.jp/japanese/touhyoulist/217/217-0521-v008.htm,https://www.sangiin.go.jp/japanese/touhyoulist/217/217-0521-v009.htm,https://www.sangiin.go.jp/japanese/touhyoulist/217/217-0521-v010.htm,https://www.sangiin.go.jp/japanese/touhyoulist/217/217-0521-v011.htm,https://www.sangiin.go.jp/japanese/touhyoulist/217/217-0516-v001.htm,https://www.sangiin.go.jp/japanese/touhyoulist/217/217-0516-v002.htm,https://www.sangiin.go.jp/japanese/touhyoulist/217/217-0516-v003.htm,https://www.sangiin.go.jp/japanese/touhyoulist/217/217-0516-v004.htm,https://www.sangiin.go.jp/japanese/touhyoulist/217/217-0516-v005.htm,https://www.sangiin.go.jp/japanese/touhyoulist/217/217-0516-v006.htm,https://www.sangiin.go.jp/japanese/touhyoulist/217/217-0514-v001.htm,https://www.sangiin.go.jp/japanese/touhyoulist/217/217-0514-v002.htm,https://www.sangiin.go.jp/japanese/touhyoulist/217/217-0509-v001.htm,https://www.sangiin.go.jp/japanese/touhyoulist/217/217-0509-v002.htm,https://www.sangiin.go.jp/japanese/touhyoulist/217/217-0509-v003.htm,https://www.sangiin.go.jp/japanese/touhyoulist/217/217-0509-v004.htm,https://www.sangiin.go.jp/japanese/touhyoulist/217/217-0509-v005.htm,https://www.sangiin.go.jp/japanese/touhyoulist/217/217-0509-v006.htm,https://www.sangiin.go.jp/japanese/touhyoulist/217/217-0509-v007.htm,https://www.sangiin.go.jp/japanese/touhyoulist/217/217-0509-v008.htm,https://www.sangiin.go.jp/japanese/touhyoulist/217/217-0509-v009.htm,https://www.sangiin.go.jp/japanese/touhyoulist/217/217-0425-v001.htm,https://www.sangiin.go.jp/japanese/touhyoulist/217/217-0425-v002.htm,https://www.sangiin.go.jp/japanese/touhyoulist/217/217-0425-v003.htm,https://www.sangiin.go.jp/japanese/touhyoulist/217/217-0423-v001.htm,https://www.sangiin.go.jp/japanese/touhyoulist/217/217-0423-v002.htm,https://www.sangiin.go.jp/japanese/touhyoulist/217/217-0423-v003.htm,https://www.sangiin.go.jp/japanese/touhyoulist/217/217-0423-v004.htm,https://www.sangiin.go.jp/japanese/touhyoulist/217/217-0418-v001.htm,https://www.sangiin.go.jp/japanese/touhyoulist/217/217-0418-v002.htm,https://www.sangiin.go.jp/japanese/touhyoulist/217/217-0418-v003.htm,https://www.sangiin.go.jp/japanese/touhyoulist/217/217-0416-v001.htm,https://www.sangiin.go.jp/japanese/touhyoulist/217/217-0416-v002.htm,https://www.sangiin.go.jp/japanese/touhyoulist/217/217-0416-v003.htm,https://www.sangiin.go.jp/japanese/touhyoulist/217/217-0411-v001.htm,https://www.sangiin.go.jp/japanese/touhyoulist/217/217-0411-v002.htm,https://www.sangiin.go.jp/japanese/touhyoulist/217/217-0411-v003.htm,https://www.sangiin.go.jp/japanese/touhyoulist/217/217-0411-v004.htm,https://www.sangiin.go.jp/japanese/touhyoulist/217/217-0409-v001.htm,https://www.sangiin.go.jp/japanese/touhyoulist/217/217-0409-v002.htm,https://www.sangiin.go.jp/japanese/touhyoulist/217/217-0409-v003.htm,https://www.sangiin.go.jp/japanese/touhyoulist/217/217-0401-v001.htm,https://www.sangiin.go.jp/japanese/touhyoulist/217/217-0331-v001.htm,https://www.sangiin.go.jp/japanese/touhyoulist/217/217-0331-v002.htm,https://www.sangiin.go.jp/japanese/touhyoulist/217/217-0331-v003.htm,https://www.sangiin.go.jp/japanese/touhyoulist/217/217-0331-v004.htm,https://www.sangiin.go.jp/japanese/touhyoulist/217/217-0331-v005.htm,https://www.sangiin.go.jp/japanese/touhyoulist/217/217-0331-v006.htm,https://www.sangiin.go.jp/japanese/touhyoulist/217/217-0331-v007.htm,https://www.sangiin.go.jp/japanese/touhyoulist/217/217-0331-v008.htm,https://www.sangiin.go.jp/japanese/touhyoulist/217/217-0331-v009.htm,https://www.sangiin.go.jp/japanese/touhyoulist/217/217-0331-v010.htm,https://www.sangiin.go.jp/japanese/touhyoulist/217/217-0331-v011.htm,https://www.sangiin.go.jp/japanese/touhyoulist/217/217-0331-v012.htm,https://www.sangiin.go.jp/japanese/touhyoulist/217/217-0331-v013.htm,https://www.sangiin.go.jp/japanese/touhyoulist/217/217-0326-v001.htm,https://www.sangiin.go.jp/japanese/touhyoulist/217/217-0326-v002.htm,https://www.sangiin.go.jp/japanese/touhyoulist/217/217-0326-v003.htm,https://www.sangiin.go.jp/japanese/touhyoulist/217/217-0326-v004.htm,https://www.sangiin.go.jp/japanese/touhyoulist/217/217-0326-v005.htm,https://www.sangiin.go.jp/japanese/touhyoulist/217/217-0326-v006.htm,https://www.sangiin.go.jp/japanese/touhyoulist/217/217-0326-v007.htm,https://www.sangiin.go.jp/japanese/touhyoulist/217/217-0326-v008.htm,https://www.sangiin.go.jp/japanese/touhyoulist/217/217-0326-v009.htm,https://www.sangiin.go.jp/japanese/touhyoulist/217/217-0326-v010.htm,https://www.sangiin.go.jp/japanese/touhyoulist/217/217-0326-v011.htm,https://www.sangiin.go.jp/japanese/touhyoulist/217/217-0326-v012.htm,https://www.sangiin.go.jp/japanese/touhyoulist/217/217-0326-v013.htm,https://www.sangiin.go.jp/japanese/touhyoulist/217/217-0314-v001.htm,https://www.sangiin.go.jp/japanese/touhyoulist/217/217-0314-v002.htm,https://www.sangiin.go.jp/japanese/touhyoulist/217/217-0219-v001.htm,https://www.sangiin.go.jp/japanese/touhyoulist/217/217-0219-v002.htm,https://www.sangiin.go.jp/japanese/touhyoulist/217/217-0219-v003.htm,https://www.sangiin.go.jp/japanese/touhyoulist/217/217-0219-v004.htm,https://www.sangiin.go.jp/japanese/touhyoulist/217/217-0219-v005.htm,https://www.sangiin.go.jp/japanese/touhyoulist/217/217-0219-v006.htm,https://www.sangiin.go.jp/japanese/touhyoulist/217/217-0219-v007.htm,https://www.sangiin.go.jp/japanese/touhyoulist/217/217-0219-v008.htm,https://www.sangiin.go.jp/japanese/touhyoulist/217/217-0219-v009.htm,https://www.sangiin.go.jp/japanese/touhyoulist/217/217-0219-v010.htm,https://www.sangiin.go.jp/japanese/touhyoulist/217/217-0219-v011.htm,https://www.sangiin.go.jp/japanese/touhyoulist/217/217-0219-v012.htm
阿達雅志,自由民主党,比例,令和10年7月25日,https://www.sangiin.go.jp/japanese/joho1/kousei/giin/profile/7014002.htm,False,0.0%,賛成,賛成,賛成,賛成,賛成,賛成,賛成,賛成,賛成,賛成,賛成,賛成,賛成,賛成,賛成,賛成,賛成,賛成,賛成,賛成,賛成,賛成,賛成,賛成,賛成,賛成,賛成,賛成,賛成,賛成,賛成,賛成,賛成,賛成,賛成,賛成,賛成,賛成,賛成,賛成,賛成,賛成,賛成,賛成,賛成,賛成,賛成,賛成,賛成,賛成,賛成,賛成,賛成,賛成,賛成,賛成,賛成,賛成,賛成,賛成,賛成,賛成,賛成,賛成,賛成,賛成,賛成,賛成,賛成,賛成,賛成,賛成,賛成,賛成,賛成,賛成,賛成,賛成,賛成,賛成,賛成,賛成,賛成,賛成,賛成,賛成,賛成,賛成,賛成,賛成,賛成,賛成,賛成,賛成,賛成,賛成,賛成,賛成,賛成,賛成,賛成,賛成,賛成,賛成,賛成,賛成,賛成,賛成,賛成,賛成,賛成,賛成,賛成,賛成,賛成,賛成,賛成,賛成,賛成,賛成,賛成,賛成,賛成,賛成,賛成,賛成,賛成,賛成,賛成,賛成,賛成,賛成,賛成,賛成,賛成,賛成
青木一彦,自由民主党,鳥取・島根,令和10年7月25日,https://www.sangiin.go.jp/japanese/joho1/kousei/giin/profile/7010001.htm,False,0.7%,賛成,賛成,賛成,賛成,賛成,賛成,賛成,賛成,賛成,賛成,賛成,賛成,賛成,賛成,賛成,賛成,賛成,賛成,賛成,賛成,賛成,賛成,賛成,賛成,賛成,賛成,賛成,賛成,賛成,賛成,賛成,賛成,賛成,賛成,賛成,賛成,賛成,賛成,賛成,賛成,賛成,賛成,賛成,賛成,賛成,賛成,賛成,賛成,賛成,賛成,賛成,賛成,賛成,賛成,賛成,賛成,賛成,賛成,賛成,賛成,賛成,賛成,賛成,賛成,賛成,賛成,賛成,賛成,賛成,賛成,賛成,賛成,賛成,賛成,賛成,賛成,賛成,賛成,賛成,賛成,賛成,賛成,賛成,賛成,賛成,賛成,賛成,賛成,賛成,賛成,賛成,賛成,賛成,賛成,賛成,賛成,賛成,賛成,賛成,賛成,賛成,賛成,賛成,賛成,賛成,賛成,賛成,賛成,賛成,賛成,賛成,賛成,賛成,賛成,賛成,賛成,賛成,賛成,賛成,賛成,賛成,賛成,賛成,賛成,賛成,賛成,賛成,賛成,賛成,賛成,賛成,賛成,投票なし,賛成,賛成,賛成
青山繁晴,自由民主党,比例,令和10年7月25日,https://www.sangiin.go.jp/japanese/joho1/kousei/giin/profile/7016002.htm,False,0.0%,賛成,賛成,賛成,賛成,賛成,賛成,賛成,賛成,賛成,賛成,賛成,賛成,賛成,賛成,賛成,賛成,賛成,賛成,賛成,賛成,賛成,賛成,賛成,賛成,賛成,賛成,賛成,賛成,賛成,賛成,賛成,賛成,賛成,賛成,賛成,賛成,賛成,賛成,賛成,賛成,賛成,賛成,賛成,賛成,賛成,賛成,賛成,賛成,賛成,賛成,賛成,賛成,賛成,賛成,賛成,賛成,賛成,賛成,賛成,賛成,賛成,賛成,賛成,賛成,賛成,賛成,賛成,賛成,賛成,賛成,賛成,賛成,賛成,賛成,賛成,賛成,賛成,賛成,賛成,賛成,賛成,賛成,賛成,賛成,賛成,賛成,賛成,賛成,賛成,賛成,賛成,賛成,賛成,賛成,賛成,賛成,賛成,賛成,賛成,賛成,賛成,賛成,賛成,賛成,賛成,賛成,賛成,賛成,賛成,賛成,賛成,賛成,賛成,賛成,賛成,賛成,賛成,賛成,賛成,賛成,賛成,賛成,賛成,賛成,賛成,賛成,賛成,賛成,賛成,賛成,賛成,賛成,賛成,賛成,賛成,賛成
赤池誠章,自由民主党,,,,False,0.0%,賛成,賛成,賛成,賛成,賛成,賛成,賛成,賛成,賛成,賛成,賛成,賛成,賛成,賛成,賛成,賛成,賛成,賛成,賛成,賛成,賛成,賛成,賛成,賛成,賛成,賛成,賛成,賛成,賛成,賛成,賛成,賛成,賛成,賛成,賛成,賛成,賛成,賛成,賛成,賛成,賛成,賛成,賛成,賛成,賛成,賛成,賛成,賛成,賛成,賛成,賛成,賛成,賛成,賛成,賛成,賛成,賛成,賛成,賛成,賛成,賛成,賛成,賛成,賛成,賛成,賛成,賛成,賛成,賛成,賛成,賛成,賛成,賛成,賛成,賛成,賛成,賛成,賛成,賛成,賛成,賛成,賛成,賛成,賛成,賛成,賛成,賛成,賛成,賛成,賛成,賛成,賛成,賛成,賛成,賛成,賛成,賛成,賛成,賛成,賛成,賛成,賛成,賛成,賛成,賛成,賛成,賛成,賛成,賛成,賛成,賛成,賛成,賛成,賛成,賛成,賛成,賛成,賛成,賛成,賛成,賛成,賛成,賛成,賛成,賛成,賛成,賛成,賛成,賛成,賛成,賛成,賛成,賛成,賛成,賛成,賛成
赤松健,自由民主党,比例,令和10年7月25日,https://www.sangiin.go.jp/japanese/joho1/kousei/giin/profile/7022003.htm,False,0.0%,賛成,賛成,賛成,賛成,賛成,賛成,賛成,賛成,賛成,賛成,賛成,賛成,賛成,賛成,賛成,賛成,賛成,賛成,賛成,賛成,賛成,賛成,賛成,賛成,賛成,賛成,賛成,賛成,賛成,賛成,賛成,賛成,賛成,賛成,賛成,賛成,賛成,賛成,賛成,賛成,賛成,賛成,賛成,賛成,賛成,賛成,賛成,賛成,賛成,賛成,賛成,賛成,賛成,賛成,賛成,賛成,賛成,賛成,賛成,賛成,賛成,賛成,賛成,賛成,賛成,賛成,賛成,賛成,賛成,賛成,賛成,賛成,賛成,賛成,賛成,賛成,賛成,賛成,賛成,賛成,賛成,賛成,賛成,賛成,賛成,賛成,賛成,賛成,賛成,賛成,賛成,賛成,賛成,賛成,賛成,賛成,賛成,賛成,賛成,賛成,賛成,賛成,賛成,賛成,賛成,賛成,賛成,賛成,賛成,賛成,賛成,賛成,賛成,賛成,賛成,賛成,賛成,賛成,賛成,賛成,賛成,賛成,賛成,賛成,賛成,賛成,賛成,賛成,賛成,賛成,賛成,賛成,賛成,賛成,賛成,賛成
浅尾慶一郎,自由民主党,神奈川,令和10年7月25日,https://www.sangiin.go.jp/japanese/joho1/kousei/giin/profile/5998003.htm,False,8.1%,賛成,賛成,賛成,賛成,賛成,賛成,賛成,賛成,賛成,投票なし,賛成,賛成,賛成,賛成,賛成,賛成,賛成,賛成,賛成,賛成,賛成,賛成,賛成,賛成,賛成,賛成,賛成,賛成,賛成,賛成,賛成,賛成,賛成,賛成,賛成,賛成,賛成,賛成,賛成,賛成,賛成,賛成,賛成,賛成,賛成,賛成,賛成,賛成,賛成,賛成,賛成,賛成,賛成,賛成,賛成,賛成,賛成,賛成,投票なし,投票なし,投票なし,投票なし,賛成,賛成,賛成,賛成,賛成,賛成,賛成,賛成,賛成,賛成,賛成,賛成,賛成,投票なし,投票なし,投票なし,賛成,賛成,賛成,賛成,賛成,賛成,投票なし,賛成,賛成,賛成,賛成,賛成,賛成,賛成,賛成,賛成,賛成,賛成,賛成,賛成,賛成,賛成,賛成,賛成,賛成,賛成,賛成,賛成,賛成,賛成,賛成,賛成,賛成,賛成,賛成,賛成,賛成,賛成,賛成,賛成,賛成,賛成,賛成,賛成,投票なし,投票なし,賛成,賛成,賛成,賛成,賛成,賛成,賛成,賛成,賛成,賛成,賛成,賛成
朝日健太郎,自由民主党,東京,令和10年7月25日,https://www.sangiin.go.jp/japanese/joho1/kousei/giin/profile/7016004.htm,False,0.0%,賛成,賛成,賛成,賛成,賛成,賛成,賛成,賛成,賛成,賛成,賛成,賛成,賛成,賛成,賛成,賛成,賛成,賛成,賛成,賛成,賛成,賛成,賛成,賛成,賛成,賛成,賛成,賛成,賛成,賛成,賛成,賛成,賛成,賛成,賛成,賛成,賛成,賛成,賛成,賛成,賛成,賛成,賛成,賛成,賛成,賛成,賛成,賛成,賛成,賛成,賛成,賛成,賛成,賛成,賛成,賛成,賛成,賛成,賛成,賛成,賛成,賛成,賛成,賛成,賛成,賛成,賛成,賛成,賛成,賛成,賛成,賛成,賛成,賛成,賛成,賛成,賛成,賛成,賛成,賛成,賛成,賛成,賛成,賛成,賛成,賛成,賛成,賛成,賛成,賛成,賛成,賛成,賛成,賛成,賛成,賛成,賛成,賛成,賛成,賛成,賛成,賛成,賛成,賛成,賛成,賛成,賛成,賛成,賛成,賛成,賛成,賛成,賛成,賛成,賛成,賛成,賛成,賛成,賛成,賛成,賛成,賛成,賛成,賛成,賛成,賛成,賛成,賛成,賛成,賛成,賛成,賛成,賛成,賛成,賛成,賛成
有村治子,自由民主党,比例,令和13年7月28日,https://www.sangiin.go.jp/japanese/joho1/kousei/giin/profile/7001006.htm,False,5.9%,賛成,賛成,賛成,賛成,賛成,賛成,賛成,賛成,賛成,賛成,賛成,賛成,賛成,賛成,賛成,賛成,賛成,賛成,賛成,賛成,賛成,賛成,賛成,賛成,賛成,賛成,賛成,賛成,賛成,賛成,賛成,賛成,賛成,賛成,賛成,賛成,賛成,賛成,投票なし,賛成,賛成,賛成,賛成,賛成,賛成,賛成,賛成,賛成,賛成,賛成,賛成,賛成,賛成,賛成,賛成,賛成,賛成,賛成,賛成,賛成,賛成,賛成,賛成,賛成,投票なし,投票なし,賛成,賛成,賛成,賛成,賛成,賛成,賛成,賛成,賛成,賛成,賛成,賛成,投票なし,投票なし,投票なし,投票なし,賛成,賛成,賛成,賛成,賛成,賛成,賛成,賛成,賛成,賛成,賛成,賛成,賛成,賛成,賛成,賛成,賛成,賛成,賛成,賛成,賛成,賛成,投票なし,賛成,賛成,賛成,賛成,賛成,賛成,賛成,賛成,賛成,賛成,賛成,賛成,賛成,賛成,賛成,賛成,賛成,賛成,賛成,賛成,賛成,賛成,賛成,賛成,賛成,賛成,賛成,賛成,賛成,賛成,賛成
井上義行,自由民主党,比例,令和10年7月25日,https://www.sangiin.go.jp/japanese/joho1/kousei/giin/profile/7013006.htm,False,0.0%,賛成,賛成,賛成,賛成,賛成,賛成,賛成,賛成,賛成,賛成,賛成,賛成,賛成,賛成,賛成,賛成,賛成,賛成,賛成,賛成,賛成,賛成,賛成,賛成,賛成,賛成,賛成,賛成,賛成,賛成,賛成,賛成,賛成,賛成,賛成,賛成,賛成,賛成,賛成,賛成,賛成,賛成,賛成,賛成,賛成,賛成,賛成,賛成,賛成,賛成,賛成,賛成,賛成,賛成,賛成,賛成,賛成,賛成,賛成,賛成,賛成,賛成,賛成,賛成,賛成,賛成,賛成,賛成,賛成,賛成,賛成,賛成,賛成,賛成,賛成,賛成,賛成,賛成,賛成,賛成,賛成,賛成,賛成,賛成,賛成,賛成,賛成,賛成,賛成,賛成,賛成,賛成,賛成,賛成,賛成,賛成,賛成,賛成,賛成,賛成,賛成,賛成,賛成,賛成,賛成,賛成,賛成,賛成,賛成,賛成,賛成,賛成,賛成,賛成,賛成,賛成,賛成,賛成,賛成,賛成,賛成,賛成,賛成,賛成,賛成,賛成,賛成,賛成,賛成,賛成,賛成,賛成,賛成,賛成,賛成,賛成
生稲晃子,自由民主党,東京,令和10年7月25日,https://www.sangiin.go.jp/japanese/joho1/kousei/giin/profile/7022004.htm,False,20.6%,投票なし,投票なし,賛成,賛成,賛成,賛成,賛成,賛成,賛成,賛成,賛成,賛成,賛成,賛成,賛成,賛成,賛成,賛成,賛成,賛成,賛成,賛成,賛成,賛成,賛成,賛成,賛成,賛成,賛成,賛成,賛成,賛成,賛成,投票なし,投票なし,投票なし,投票なし,投票なし,投票なし,投票なし,投票なし,賛成,賛成,賛成,賛成,賛成,賛成,賛成,賛成,賛成,賛成,賛成,賛成,賛成,賛成,賛成,賛成,賛成,投票なし,投票なし,投票なし,投票なし,投票なし,投票なし,賛成,賛成,投票なし,投票なし,投票なし,投票なし,投票なし,投票なし,投票なし,投票なし,投票なし,投票なし,投票なし,投票なし,賛成,賛成,賛成,賛成,賛成,賛成,賛成,賛成,賛成,賛成,賛成,賛成,賛成,賛成,賛成,賛成,賛成,賛成,賛成,賛成,賛成,賛成,賛成,賛成,賛成,賛成,賛成,賛成,賛成,賛成,賛成,賛成,賛成,賛成,賛成,賛成,賛成,賛成,賛成,賛成,賛成,賛成,賛成,賛成,賛成,賛成,賛成,賛成,賛成,賛成,賛成,賛成,賛成,賛成,賛成,賛成,賛成,賛成
石井準一,自由民主党,千葉,令和13年7月28日,https://www.sangiin.go.jp/japanese/joho1/kousei/giin/profile/7007007.htm,False,2.2%,賛成,賛成,賛成,賛成,賛成,賛成,賛成,賛成,賛成,賛成,賛成,賛成,賛成,賛成,賛成,賛成,賛成,賛成,賛成,賛成,賛成,賛成,賛成,賛成,賛成,賛成,賛成,賛成,賛成,賛成,賛成,賛成,賛成,賛成,賛成,賛成,賛成,賛成,賛成,賛成,賛成,賛成,賛成,賛成,賛成,賛成,賛成,賛成,賛成,賛成,賛成,賛成,賛成,賛成,賛成,賛成,賛成,賛成,賛成,賛成,賛成,賛成,賛成,賛成,賛成,賛成,賛成,賛成,賛成,賛成,賛成,賛成,賛成,賛成,賛成,賛成,賛成,賛成,賛成,賛成,賛成,賛成,投票なし,投票なし,投票なし,賛成,賛成,賛成,賛成,賛成,賛成,賛成,賛成,賛成,賛成,賛成,賛成,賛成,賛成,賛成,賛成,賛成,賛成,賛成,賛成,賛成,賛成,賛成,賛成,賛成,賛成,賛成,賛成,賛成,賛成,賛成,賛成,賛成,賛成,賛成,賛成,賛成,賛成,賛成,賛成,賛成,賛成,賛成,賛成,賛成,賛成,賛成,賛成,賛成,賛成,賛成
石井浩郎,自由民主党,秋田,令和10年7月25日,https://www.sangiin.go.jp/japanese/joho1/kousei/giin/profile/7010005.htm,False,0.0%,賛成,賛成,賛成,賛成,賛成,賛成,賛成,賛成,賛成,賛成,賛成,賛成,賛成,賛成,賛成,賛成,賛成,賛成,賛成,賛成,賛成,賛成,賛成,賛成,賛成,賛成,賛成,賛成,賛成,賛成,賛成,賛成,賛成,賛成,賛成,賛成,賛成,賛成,賛成,賛成,賛成,賛成,賛成,賛成,賛成,賛成,賛成,賛成,賛成,賛成,賛成,賛成,賛成,賛成,賛成,賛成,賛成,賛成,賛成,賛成,賛成,賛成,賛成,賛成,賛成,賛成,賛成,賛成,賛成,賛成,賛成,賛成,賛成,賛成,賛成,賛成,賛成,賛成,賛成,賛成,賛成,賛成,賛成,賛成,賛成,賛成,賛成,賛成,賛成,賛成,賛成,賛成,賛成,賛成,賛成,賛成,賛成,賛成,賛成,賛成,賛成,賛成,賛成,賛成,賛成,賛成,賛成,賛成,賛成,賛成,賛成,賛成,賛成,賛成,賛成,賛成,賛成,賛成,賛成,賛成,賛成,賛成,賛成,賛成,賛成,賛成,賛成,賛成,賛成,賛成,賛成,賛成,賛成,賛成,賛成,賛成
石井正弘,自由民主党,,,,False,0.0%,賛成,賛成,賛成,賛成,賛成,賛成,賛成,賛成,賛成,賛成,賛成,賛成,賛成,賛成,賛成,賛成,賛成,賛成,賛成,賛成,賛成,賛成,賛成,賛成,賛成,賛成,賛成,賛成,賛成,賛成,賛成,賛成,賛成,賛成,賛成,賛成,賛成,賛成,賛成,賛成,賛成,賛成,賛成,賛成,賛成,賛成,賛成,賛成,賛成,賛成,賛成,賛成,賛成,賛成,賛成,賛成,賛成,賛成,賛成,賛成,賛成,賛成,賛成,賛成,賛成,賛成,賛成,賛成,賛成,賛成,賛成,賛成,賛成,賛成,賛成,賛成,賛成,賛成,賛成,賛成,賛成,賛成,賛成,賛成,賛成,賛成,賛成,賛成,賛成,賛成,賛成,賛成,賛成,賛成,賛成,賛成,賛成,賛成,賛成,賛成,賛成,賛成,賛成,賛成,賛成,賛成,賛成,賛成,賛成,賛成,賛成,賛成,賛成,賛成,賛成,賛成,賛成,賛成,賛成,賛成,賛成,賛成,賛成,賛成,賛成,賛成,賛成,賛成,賛成,賛成,賛成,賛成,賛成,賛成,賛成,賛成
石田昌宏,自由民主党,比例,令和13年7月28日,https://www.sangiin.go.jp/japanese/joho1/kousei/giin/profile/7013010.htm,False,0.0%,賛成,賛成,賛成,賛成,賛成,賛成,賛成,賛成,賛成,賛成,賛成,賛成,賛成,賛成,賛成,賛成,賛成,賛成,賛成,賛成,賛成,賛成,賛成,賛成,賛成,賛成,賛成,賛成,賛成,賛成,賛成,賛成,賛成,賛成,賛成,賛成,賛成,賛成,賛成,賛成,賛成,賛成,賛成,賛成,賛成,賛成,賛成,賛成,賛成,賛成,賛成,賛成,賛成,賛成,賛成,賛成,賛成,賛成,賛成,賛成,賛成,賛成,賛成,賛成,賛成,賛成,賛成,賛成,賛成,賛成,賛成,賛成,賛成,賛成,賛成,賛成,賛成,賛成,賛成,賛成,賛成,賛成,賛成,賛成,賛成,賛成,賛成,賛成,賛成,賛成,賛成,賛成,賛成,賛成,賛成,賛成,賛成,賛成,賛成,賛成,賛成,賛成,賛成,賛成,賛成,賛成,賛成,賛成,賛成,賛成,賛成,賛成,賛成,賛成,賛成,賛成,賛成,賛成,賛成,賛成,賛成,賛成,賛成,賛成,賛成,賛成,賛成,賛成,賛成,賛成,賛成,賛成,賛成,賛成,賛成,賛成
磯崎仁彦,自由民主党,香川,令和10年7月25日,https://www.sangiin.go.jp/japanese/joho1/kousei/giin/profile/7010008.htm,False,0.0%,賛成,賛成,賛成,賛成,賛成,賛成,賛成,賛成,賛成,賛成,賛成,賛成,賛成,賛成,賛成,賛成,賛成,賛成,賛成,賛成,賛成,賛成,賛成,賛成,賛成,賛成,賛成,賛成,賛成,賛成,賛成,賛成,賛成,賛成,賛成,賛成,賛成,賛成,賛成,賛成,賛成,賛成,賛成,賛成,賛成,賛成,賛成,賛成,賛成,賛成,賛成,賛成,賛成,賛成,賛成,賛成,賛成,賛成,賛成,賛成,賛成,賛成,賛成,賛成,賛成,賛成,賛成,賛成,賛成,賛成,賛成,賛成,賛成,賛成,賛成,賛成,賛成,賛成,賛成,賛成,賛成,賛成,賛成,賛成,賛成,賛成,賛成,賛成,賛成,賛成,賛成,賛成,賛成,賛成,賛成,賛成,賛成,賛成,賛成,賛成,賛成,賛成,賛成,賛成,賛成,賛成,賛成,賛成,賛成,賛成,賛成,賛成,賛成,賛成,賛成,賛成,賛成,賛成,賛成,賛成,賛成,賛成,賛成,賛成,賛成,賛成,賛成,賛成,賛成,賛成,賛成,賛成,賛成,賛成,賛成,賛成
猪口邦子,自由民主党,千葉,令和10年7月25日,https://www.sangiin.go.jp/japanese/joho1/kousei/giin/profile/7010009.htm,False,2.9%,賛成,賛成,賛成,賛成,賛成,賛成,賛成,賛成,賛成,賛成,賛成,賛成,賛成,賛成,賛成,賛成,賛成,賛成,賛成,賛成,賛成,賛成,賛成,賛成,賛成,賛成,賛成,賛成,投票なし,投票なし,投票なし,投票なし,賛成,賛成,賛成,賛成,賛成,賛成,賛成,賛成,賛成,賛成,賛成,賛成,賛成,賛成,賛成,賛成,賛成,賛成,賛成,賛成,賛成,賛成,賛成,賛成,賛成,賛成,賛成,賛成,賛成,賛成,賛成,賛成,賛成,賛成,賛成,賛成,賛成,賛成,賛成,賛成,賛成,賛成,賛成,賛成,賛成,賛成,賛成,賛成,賛成,賛成,賛成,賛成,賛成,賛成,賛成,賛成,賛成,賛成,賛成,賛成,賛成,賛成,賛成,賛成,賛成,賛成,賛成,賛成,賛成,賛成,賛成,賛成,賛成,賛成,賛成,賛成,賛成,賛成,賛成,賛成,賛成,賛成,賛成,賛成,賛成,賛成,賛成,賛成,賛成,賛成,賛成,賛成,賛成,賛成,賛成,賛成,賛成,賛成,賛成,賛成,賛成,賛成,賛成,賛成
今井絵理子,自由民主党,比例,令和10年7月25日,https://www.sangiin.go.jp/japanese/joho1/kousei/giin/profile/7016010.htm,False,0.0%,賛成,賛成,賛成,賛成,賛成,賛成,賛成,賛成,賛成,賛成,賛成,賛成,賛成,賛成,賛成,賛成,賛成,賛成,賛成,賛成,賛成,賛成,賛成,賛成,賛成,賛成,賛成,賛成,賛成,賛成,賛成,賛成,賛成,賛成,賛成,賛成,賛成,賛成,賛成,賛成,賛成,賛成,賛成,賛成,賛成,賛成,賛成,賛成,賛成,賛成,賛成,賛成,賛成,賛成,賛成,賛成,賛成,賛成,賛成,賛成,賛成,賛成,賛成,賛成,賛成,賛成,賛成,賛成,賛成,賛成,賛成,賛成,賛成,賛成,賛成,賛成,賛成,賛成,賛成,賛成,賛成,賛成,賛成,賛成,賛成,賛成,賛成,賛成,賛成,賛成,賛成,賛成,賛成,賛成,賛成,賛成,賛成,賛成,賛成,賛成,賛成,賛成,賛成,賛成,賛成,賛成,賛成,賛成,賛成,賛成,賛成,賛成,賛成,賛成,賛成,賛成,賛成,賛成,賛成,賛成,賛成,賛成,賛成,賛成,賛成,賛成,賛成,賛成,賛成,賛成,賛成,賛成,賛成,賛成,賛成,賛成
岩本剛人,自由民主党,北海道,令和13年7月28日,https://www.sangiin.go.jp/japanese/joho1/kousei/giin/profile/7019005.htm,False,0.0%,賛成,賛成,賛成,賛成,賛成,賛成,賛成,賛成,賛成,賛成,賛成,賛成,賛成,賛成,賛成,賛成,賛成,賛成,賛成,賛成,賛成,賛成,賛成,賛成,賛成,賛成,賛成,賛成,賛成,賛成,賛成,賛成,賛成,賛成,賛成,賛成,賛成,賛成,賛成,賛成,賛成,賛成,賛成,賛成,賛成,賛成,賛成,賛成,賛成,賛成,賛成,賛成,賛成,賛成,賛成,賛成,賛成,賛成,賛成,賛成,賛成,賛成,賛成,賛成,賛成,賛成,賛成,賛成,賛成,賛成,賛成,賛成,賛成,賛成,賛成,賛成,賛成,賛成,賛成,賛成,賛成,賛成,賛成,賛成,賛成,賛成,賛成,賛成,賛成,賛成,賛成,賛成,賛成,賛成,賛成,賛成,賛成,賛成,賛成,賛成,賛成,賛成,賛成,賛成,賛成,賛成,賛成,賛成,賛成,賛成,賛成,賛成,賛成,賛成,賛成,賛成,賛成,賛成,賛成,賛成,賛成,賛成,賛成,賛成,賛成,賛成,賛成,賛成,賛成,賛成,賛成,賛成,賛成,賛成,賛成,賛成
上野通子,自由民主党,栃木,令和10年7月25日,https://www.sangiin.go.jp/japanese/joho1/kousei/giin/profile/7010013.htm,False,2.2%,賛成,賛成,賛成,賛成,賛成,賛成,賛成,賛成,賛成,賛成,賛成,賛成,賛成,賛成,賛成,賛成,賛成,賛成,賛成,賛成,賛成,賛成,賛成,賛成,賛成,賛成,賛成,賛成,賛成,賛成,賛成,賛成,賛成,賛成,賛成,賛成,賛成,賛成,賛成,賛成,賛成,賛成,賛成,賛成,賛成,賛成,賛成,賛成,賛成,賛成,賛成,賛成,賛成,賛成,賛成,賛成,賛成,賛成,賛成,賛成,賛成,賛成,賛成,賛成,賛成,賛成,賛成,賛成,賛成,賛成,賛成,賛成,賛成,賛成,賛成,賛成,賛成,賛成,賛成,賛成,賛成,賛成,賛成,賛成,賛成,賛成,賛成,賛成,賛成,賛成,賛成,賛成,投票なし,投票なし,投票なし,賛成,賛成,賛成,賛成,賛成,賛成,賛成,賛成,賛成,賛成,賛成,賛成,賛成,賛成,賛成,賛成,賛成,賛成,賛成,賛成,賛成,賛成,賛成,賛成,賛成,賛成,賛成,賛成,賛成,賛成,賛成,賛成,賛成,賛成,賛成,賛成,賛成,賛成,賛成,賛成,賛成
臼井正一,自由民主党,千葉,令和10年7月25日,https://www.sangiin.go.jp/japanese/joho1/kousei/giin/profile/7022007.htm,False,0.0%,賛成,賛成,賛成,賛成,賛成,賛成,賛成,賛成,賛成,賛成,賛成,賛成,賛成,賛成,賛成,賛成,賛成,賛成,賛成,賛成,賛成,賛成,賛成,賛成,賛成,賛成,賛成,賛成,賛成,賛成,賛成,賛成,賛成,賛成,賛成,賛成,賛成,賛成,賛成,賛成,賛成,賛成,賛成,賛成,賛成,賛成,賛成,賛成,賛成,賛成,賛成,賛成,賛成,賛成,賛成,賛成,賛成,賛成,賛成,賛成,賛成,賛成,賛成,賛成,賛成,賛成,賛成,賛成,賛成,賛成,賛成,賛成,賛成,賛成,賛成,賛成,賛成,賛成,賛成,賛成,賛成,賛成,賛成,賛成,賛成,賛成,賛成,賛成,賛成,賛成,賛成,賛成,賛成,賛成,賛成,賛成,賛成,賛成,賛成,賛成,賛成,賛成,賛成,賛成,賛成,賛成,賛成,賛成,賛成,賛成,賛成,賛成,賛成,賛成,賛成,賛成,賛成,賛成,賛成,賛成,賛成,賛成,賛成,賛成,賛成,賛成,賛成,賛成,賛成,賛成,賛成,賛成,賛成,賛成,賛成,賛成
江島潔,自由民主党,山口,令和10年7月25日,https://www.sangiin.go.jp/japanese/joho1/kousei/giin/profile/7013001.htm,False,0.0%,賛成,賛成,賛成,賛成,賛成,賛成,賛成,賛成,賛成,賛成,賛成,賛成,賛成,賛成,賛成,賛成,賛成,賛成,賛成,賛成,賛成,賛成,賛成,賛成,賛成,賛成,賛成,賛成,賛成,賛成,賛成,賛成,賛成,賛成,賛成,賛成,賛成,賛成,賛成,賛成,賛成,賛成,賛成,賛成,賛成,賛成,賛成,賛成,賛成,賛成,賛成,賛成,賛成,賛成,賛成,賛成,賛成,賛成,賛成,賛成,賛成,賛成,賛成,賛成,賛成,賛成,賛成,賛成,賛成,賛成,賛成,賛成,賛成,賛成,賛成,賛成,賛成,賛成,賛成,賛成,賛成,賛成,賛成,賛成,賛成,賛成,賛成,賛成,賛成,賛成,賛成,賛成,賛成,賛成,賛成,賛成,賛成,賛成,賛成,賛成,賛成,賛成,賛成,賛成,賛成,賛成,賛成,賛成,賛成,賛成,賛成,賛成,賛成,賛成,賛成,賛成,賛成,賛成,賛成,賛成,賛成,賛成,賛成,賛成,賛成,賛成,賛成,賛成,賛成,賛成,賛成,賛成,賛成,賛成,賛成,賛成
衛藤晟一,自由民主党,,,,False,2.9%,賛成,賛成,賛成,賛成,賛成,賛成,賛成,賛成,賛成,賛成,賛成,投票なし,投票なし,投票なし,投票なし,賛成,賛成,賛成,賛成,賛成,賛成,賛成,賛成,賛成,賛成,賛成,賛成,賛成,賛成,賛成,賛成,賛成,賛成,賛成,賛成,賛成,賛成,賛成,賛成,賛成,賛成,賛成,賛成,賛成,賛成,賛成,賛成,賛成,賛成,賛成,賛成,賛成,賛成,賛成,賛成,賛成,賛成,賛成,賛成,賛成,賛成,賛成,賛成,賛成,賛成,賛成,賛成,賛成,賛成,賛成,賛成,賛成,賛成,賛成,賛成,賛成,賛成,賛成,賛成,賛成,賛成,賛成,賛成,賛成,賛成,賛成,賛成,賛成,賛成,賛成,賛成,賛成,賛成,賛成,賛成,賛成,賛成,賛成,賛成,賛成,賛成,賛成,賛成,賛成,賛成,賛成,賛成,賛成,賛成,賛成,賛成,賛成,賛成,賛成,賛成,賛成,賛成,賛成,賛成,賛成,賛成,賛成,賛成,賛成,賛成,賛成,賛成,賛成,賛成,賛成,賛成,賛成,賛成,賛成,賛成,賛成
小川克巳,自由民主党,比例,令和10年7月25日,https://www.sangiin.go.jp/japanese/joho1/kousei/giin/profile/7016012.htm,False,0.0%,賛成,賛成,賛成,賛成,賛成,賛成,賛成,賛成,賛成,賛成,賛成,賛成,賛成,賛成,賛成,賛成,賛成,賛成,賛成,賛成,賛成,賛成,賛成,賛成,賛成,賛成,賛成,賛成,賛成,賛成,賛成,賛成,賛成,賛成,賛成,賛成,賛成,賛成,賛成,賛成,賛成,賛成,賛成,賛成,賛成,賛成,賛成,賛成,賛成,賛成,賛成,賛成,賛成,賛成,賛成,賛成,賛成,賛成,賛成,賛成,賛成,賛成,賛成,賛成,賛成,賛成,賛成,賛成,賛成,賛成,賛成,賛成,賛成,賛成,賛成,賛成,賛成,賛成,賛成,賛成,賛成,賛成,賛成,賛成,賛成,賛成,賛成,賛成,賛成,賛成,賛成,賛成,賛成,賛成,賛成,賛成,賛成,賛成,賛成,賛成,賛成,賛成,賛成,賛成,賛成,賛成,賛成,賛成,賛成,賛成,賛成,賛成,賛成,賛成,賛成,賛成,賛成,賛成,賛成,賛成,賛成,賛成,賛成,賛成,賛成,賛成,賛成,賛成,賛成,賛成,賛成,賛成,賛成,賛成,賛成,賛成
小野田紀美,自由民主党,岡山,令和10年7月25日,https://www.sangiin.go.jp/japanese/joho1/kousei/giin/profile/7016013.htm,False,0.0%,賛成,賛成,賛成,賛成,賛成,賛成,賛成,賛成,賛成,賛成,賛成,賛成,賛成,賛成,賛成,賛成,賛成,賛成,賛成,賛成,賛成,賛成,賛成,賛成,賛成,賛成,賛成,賛成,賛成,賛成,賛成,賛成,賛成,賛成,賛成,賛成,賛成,賛成,賛成,賛成,賛成,賛成,賛成,賛成,賛成,賛成,賛成,賛成,賛成,賛成,賛成,賛成,賛成,賛成,賛成,賛成,賛成,賛成,賛成,賛成,賛成,賛成,賛成,賛成,賛成,賛成,賛成,賛成,賛成,賛成,賛成,賛成,賛成,賛成,賛成,賛成,賛成,賛成,賛成,賛成,賛成,賛成,賛成,賛成,賛成,賛成,賛成,賛成,賛成,賛成,賛成,賛成,賛成,賛成,賛成,賛成,賛成,賛成,賛成,賛成,賛成,賛成,賛成,賛成,賛成,賛成,賛成,賛成,賛成,賛成,賛成,賛成,賛成,賛成,賛成,賛成,賛成,賛成,賛成,賛成,賛成,賛成,賛成,賛成,賛成,賛成,賛成,賛成,賛成,賛成,賛成,賛成,賛成,賛成,賛成,賛成
尾辻秀久,自由民主党,,,,False,0.7%,賛成,賛成,賛成,賛成,賛成,賛成,賛成,賛成,賛成,賛成,賛成,賛成,賛成,賛成,賛成,賛成,賛成,賛成,賛成,賛成,賛成,賛成,賛成,賛成,賛成,賛成,賛成,賛成,賛成,賛成,賛成,賛成,賛成,賛成,賛成,賛成,賛成,賛成,賛成,賛成,賛成,賛成,賛成,賛成,賛成,賛成,賛成,賛成,賛成,賛成,賛成,賛成,賛成,賛成,賛成,賛成,賛成,賛成,賛成,賛成,賛成,賛成,賛成,賛成,賛成,賛成,賛成,賛成,賛成,賛成,賛成,賛成,賛成,賛成,賛成,賛成,賛成,賛成,賛成,賛成,賛成,賛成,賛成,賛成,賛成,賛成,賛成,賛成,賛成,賛成,賛成,賛成,賛成,投票なし,賛成,賛成,賛成,賛成,賛成,賛成,賛成,賛成,賛成,賛成,賛成,賛成,賛成,賛成,賛成,賛成,賛成,賛成,賛成,賛成,賛成,賛成,賛成,賛成,賛成,賛成,賛成,賛成,賛成,賛成,賛成,賛成,賛成,賛成,賛成,賛成,賛成,賛成,賛成,賛成,賛成,賛成
越智俊之,自由民主党,比例,令和10年7月25日,https://www.sangiin.go.jp/japanese/joho1/kousei/giin/profile/7022008.htm,False,0.0%,賛成,賛成,賛成,賛成,賛成,賛成,賛成,賛成,賛成,賛成,賛成,賛成,賛成,賛成,賛成,賛成,賛成,賛成,賛成,賛成,賛成,賛成,賛成,賛成,賛成,賛成,賛成,賛成,賛成,賛成,賛成,賛成,賛成,賛成,賛成,賛成,賛成,賛成,賛成,賛成,賛成,賛成,賛成,賛成,賛成,賛成,賛成,賛成,賛成,賛成,賛成,賛成,賛成,賛成,賛成,賛成,賛成,賛成,賛成,賛成,賛成,賛成,賛成,賛成,賛成,賛成,賛成,賛成,賛成,賛成,賛成,賛成,賛成,賛成,賛成,賛成,賛成,賛成,賛成,賛成,賛成,賛成,賛成,賛成,賛成,賛成,賛成,賛成,賛成,賛成,賛成,賛成,賛成,賛成,賛成,賛成,賛成,賛成,賛成,賛成,賛成,賛成,賛成,賛成,賛成,賛成,賛成,賛成,賛成,賛成,賛成,賛成,賛成,賛成,賛成,賛成,賛成,賛成,賛成,賛成,賛成,賛成,賛成,賛成,賛成,賛成,賛成,賛成,賛成,賛成,賛成,賛成,賛成,賛成,賛成,賛成
大家敏志,自由民主党,福岡,令和10年7月25日,https://www.sangiin.go.jp/japanese/joho1/kousei/giin/profile/7010018.htm,False,0.0%,賛成,賛成,賛成,賛成,賛成,賛成,賛成,賛成,賛成,賛成,賛成,賛成,賛成,賛成,賛成,賛成,賛成,賛成,賛成,賛成,賛成,賛成,賛成,賛成,賛成,賛成,賛成,賛成,賛成,賛成,賛成,賛成,賛成,賛成,賛成,賛成,賛成,賛成,賛成,賛成,賛成,賛成,賛成,賛成,賛成,賛成,賛成,賛成,賛成,賛成,賛成,賛成,賛成,賛成,賛成,賛成,賛成,賛成,賛成,賛成,賛成,賛成,賛成,賛成,賛成,賛成,賛成,賛成,賛成,賛成,賛成,賛成,賛成,賛成,賛成,賛成,賛成,賛成,賛成,賛成,賛成,賛成,賛成,賛成,賛成,賛成,賛成,賛成,賛成,賛成,賛成,賛成,賛成,賛成,賛成,賛成,賛成,賛成,賛成,賛成,賛成,賛成,賛成,賛成,賛成,賛成,賛成,賛成,賛成,賛成,賛成,賛成,賛成,賛成,賛成,賛成,賛成,賛成,賛成,賛成,賛成,賛成,賛成,賛成,賛成,賛成,賛成,賛成,賛成,賛成,賛成,賛成,賛成,賛成,賛成,賛成
太田房江,自由民主党,,,,False,22.8%,賛成,賛成,賛成,賛成,賛成,賛成,賛成,賛成,賛成,賛成,賛成,賛成,賛成,賛成,賛成,賛成,賛成,賛成,投票なし,投票なし,投票なし,投票なし,投票なし,投票なし,投票なし,投票なし,投票なし,投票なし,投票なし,投票なし,投票なし,投票なし,投票なし,投票なし,投票なし,投票なし,投票なし,投票なし,投票なし,投票なし,投票なし,投票なし,投票なし,投票なし,投票なし,投票なし,投票なし,投票なし,賛成,賛成,賛成,賛成,賛成,賛成,賛成,賛成,賛成,賛成,賛成,賛成,賛成,賛成,賛成,賛成,賛成,賛成,賛成,賛成,賛成,賛成,賛成,賛成,投票なし,賛成,賛成,賛成,賛成,賛成,賛成,賛成,賛成,賛成,賛成,賛成,賛成,賛成,賛成,賛成,賛成,賛成,賛成,賛成,賛成,賛成,賛成,賛成,賛成,賛成,賛成,賛成,賛成,賛成,賛成,賛成,賛成,賛成,賛成,賛成,賛成,賛成,賛成,賛成,賛成,賛成,賛成,賛成,賛成,賛成,賛成,賛成,賛成,賛成,賛成,賛成,賛成,賛成,賛成,賛成,賛成,賛成,賛成,賛成,賛成,賛成,賛成,賛成
岡田直樹,自由民主党,石川,令和10年7月25日,https://www.sangiin.go.jp/japanese/joho1/kousei/giin/profile/7004012.htm,False,0.7%,賛成,賛成,賛成,賛成,賛成,賛成,賛成,賛成,賛成,賛成,賛成,賛成,賛成,賛成,賛成,賛成,賛成,賛成,賛成,賛成,賛成,賛成,賛成,賛成,賛成,賛成,賛成,賛成,賛成,賛成,賛成,賛成,賛成,賛成,賛成,賛成,賛成,賛成,賛成,賛成,賛成,賛成,賛成,賛成,賛成,賛成,賛成,賛成,賛成,賛成,賛成,賛成,賛成,賛成,賛成,賛成,賛成,賛成,賛成,賛成,賛成,賛成,賛成,賛成,賛成,賛成,賛成,賛成,賛成,賛成,賛成,賛成,賛成,賛成,賛成,賛成,賛成,賛成,賛成,賛成,賛成,賛成,賛成,賛成,賛成,賛成,賛成,賛成,賛成,賛成,賛成,賛成,賛成,賛成,賛成,賛成,賛成,賛成,賛成,賛成,賛成,賛成,賛成,賛成,賛成,賛成,賛成,賛成,賛成,賛成,賛成,賛成,賛成,賛成,賛成,賛成,賛成,投票なし,賛成,賛成,賛成,賛成,賛成,賛成,賛成,賛成,賛成,賛成,賛成,賛成,賛成,賛成,賛成,賛成,賛成,賛成
加田裕之,自由民主党,兵庫,令和13年7月28日,https://www.sangiin.go.jp/japanese/joho1/kousei/giin/profile/7019011.htm,False,0.0%,賛成,賛成,賛成,賛成,賛成,賛成,賛成,賛成,賛成,賛成,賛成,賛成,賛成,賛成,賛成,賛成,賛成,賛成,賛成,賛成,賛成,賛成,賛成,賛成,賛成,賛成,賛成,賛成,賛成,賛成,賛成,賛成,賛成,賛成,賛成,賛成,賛成,賛成,賛成,賛成,賛成,賛成,賛成,賛成,賛成,賛成,賛成,賛成,賛成,賛成,賛成,賛成,賛成,賛成,賛成,賛成,賛成,賛成,賛成,賛成,賛成,賛成,賛成,賛成,賛成,賛成,賛成,賛成,賛成,賛成,賛成,賛成,賛成,賛成,賛成,賛成,賛成,賛成,賛成,賛成,賛成,賛成,賛成,賛成,賛成,賛成,賛成,賛成,賛成,賛成,賛成,賛成,賛成,賛成,賛成,賛成,賛成,賛成,賛成,賛成,賛成,賛成,賛成,賛成,賛成,賛成,賛成,賛成,賛成,賛成,賛成,賛成,賛成,賛成,賛成,賛成,賛成,賛成,賛成,賛成,賛成,賛成,賛成,賛成,賛成,賛成,賛成,賛成,賛成,賛成,賛成,賛成,賛成,賛成,賛成,賛成
加藤明良,自由民主党,茨城,令和10年7月25日,https://www.sangiin.go.jp/japanese/joho1/kousei/giin/profile/7022010.htm,False,6.6%,賛成,賛成,賛成,賛成,賛成,賛成,賛成,賛成,賛成,賛成,賛成,賛成,賛成,賛成,賛成,賛成,賛成,賛成,賛成,賛成,賛成,賛成,賛成,賛成,賛成,賛成,賛成,賛成,賛成,賛成,賛成,賛成,賛成,賛成,賛成,賛成,賛成,賛成,賛成,賛成,賛成,賛成,賛成,賛成,賛成,賛成,賛成,投票なし,投票なし,投票なし,投票なし,投票なし,投票なし,投票なし,投票なし,投票なし,賛成,賛成,賛成,賛成,賛成,賛成,賛成,賛成,賛成,賛成,賛成,賛成,賛成,賛成,賛成,賛成,賛成,賛成,賛成,賛成,賛成,賛成,賛成,賛成,賛成,賛成,賛成,賛成,賛成,賛成,賛成,賛成,賛成,賛成,賛成,賛成,賛成,賛成,賛成,賛成,賛成,賛成,賛成,賛成,賛成,賛成,賛成,賛成,賛成,賛成,賛成,賛成,賛成,賛成,賛成,賛成,賛成,賛成,賛成,賛成,賛成,賛成,賛成,賛成,賛成,賛成,賛成,賛成,賛成,賛成,賛成,賛成,賛成,賛成,賛成,賛成,賛成,賛成,賛成,賛成
梶原大介,自由民主党,比例,令和10年7月25日,https://www.sangiin.go.jp/japanese/joho1/kousei/giin/profile/7022012.htm,False,0.0%,賛成,賛成,賛成,賛成,賛成,賛成,賛成,賛成,賛成,賛成,賛成,賛成,賛成,賛成,賛成,賛成,賛成,賛成,賛成,賛成,賛成,賛成,賛成,賛成,賛成,賛成,賛成,賛成,賛成,賛成,賛成,賛成,賛成,賛成,賛成,賛成,賛成,賛成,賛成,賛成,賛成,賛成,賛成,賛成,賛成,賛成,賛成,賛成,賛成,賛成,賛成,賛成,賛成,賛成,賛成,賛成,賛成,賛成,賛成,賛成,賛成,賛成,賛成,賛成,賛成,賛成,賛成,賛成,賛成,賛成,賛成,賛成,賛成,賛成,賛成,賛成,賛成,賛成,賛成,賛成,賛成,賛成,賛成,賛成,賛成,賛成,賛成,賛成,賛成,賛成,賛成,賛成,賛成,賛成,賛成,賛成,賛成,賛成,賛成,賛成,賛成,賛成,賛成,賛成,賛成,賛成,賛成,賛成,賛成,賛成,賛成,賛成,賛成,賛成,賛成,賛成,賛成,賛成,賛成,賛成,賛成,賛成,賛成,賛成,賛成,賛成,賛成,賛成,賛成,賛成,賛成,賛成,賛成,賛成,賛成,賛成
片山さつき,自由民主党,比例,令和10年7月25日,https://www.sangiin.go.jp/japanese/joho1/kousei/giin/profile/7010020.htm,False,1.5%,賛成,賛成,賛成,賛成,賛成,賛成,賛成,賛成,賛成,賛成,賛成,賛成,賛成,賛成,賛成,賛成,賛成,賛成,賛成,賛成,賛成,賛成,賛成,賛成,賛成,賛成,賛成,賛成,賛成,賛成,賛成,賛成,賛成,賛成,賛成,賛成,賛成,賛成,賛成,賛成,賛成,賛成,賛成,賛成,賛成,賛成,賛成,賛成,賛成,賛成,賛成,賛成,賛成,賛成,賛成,賛成,賛成,賛成,賛成,賛成,賛成,賛成,投票なし,投票なし,賛成,賛成,賛成,賛成,賛成,賛成,賛成,賛成,賛成,賛成,賛成,賛成,賛成,賛成,賛成,賛成,賛成,賛成,賛成,賛成,賛成,賛成,賛成,賛成,賛成,賛成,賛成,賛成,賛成,賛成,賛成,賛成,賛成,賛成,賛成,賛成,賛成,賛成,賛成,賛成,賛成,賛成,賛成,賛成,賛成,賛成,賛成,賛成,賛成,賛成,賛成,賛成,賛成,賛成,賛成,賛成,賛成,賛成,賛成,賛成,賛成,賛成,賛成,賛成,賛成,賛成,賛成,賛成,賛成,賛成,賛成,賛成
神谷政幸,自由民主党,比例,令和10年7月25日,https://www.sangiin.go.jp/japanese/joho1/kousei/giin/profile/7022015.htm,False,0.0%,賛成,賛成,賛成,賛成,賛成,賛成,賛成,賛成,賛成,賛成,賛成,賛成,賛成,賛成,賛成,賛成,賛成,賛成,賛成,賛成,賛成,賛成,賛成,賛成,賛成,賛成,賛成,賛成,賛成,賛成,賛成,賛成,賛成,賛成,賛成,賛成,賛成,賛成,賛成,賛成,賛成,賛成,賛成,賛成,賛成,賛成,賛成,賛成,賛成,賛成,賛成,賛成,賛成,賛成,賛成,賛成,賛成,賛成,賛成,賛成,賛成,賛成,賛成,賛成,賛成,賛成,賛成,賛成,賛成,賛成,賛成,賛成,賛成,賛成,賛成,賛成,賛成,賛成,賛成,賛成,賛成,賛成,賛成,賛成,賛成,賛成,賛成,賛成,賛成,賛成,賛成,賛成,賛成,賛成,賛成,賛成,賛成,賛成,賛成,賛成,賛成,賛成,賛成,賛成,賛成,賛成,賛成,賛成,賛成,賛成,賛成,賛成,賛成,賛成,賛成,賛成,賛成,賛成,賛成,賛成,賛成,賛成,賛成,賛成,賛成,賛成,賛成,賛成,賛成,賛成,賛成,賛成,賛成,賛成,賛成,賛成
北村経夫,自由民主党,山口,令和13年7月28日,https://www.sangiin.go.jp/japanese/joho1/kousei/giin/profile/7013019.htm,False,0.0%,賛成,賛成,賛成,賛成,賛成,賛成,賛成,賛成,賛成,賛成,賛成,賛成,賛成,賛成,賛成,賛成,賛成,賛成,賛成,賛成,賛成,賛成,賛成,賛成,賛成,賛成,賛成,賛成,賛成,賛成,賛成,賛成,賛成,賛成,賛成,賛成,賛成,賛成,賛成,賛成,賛成,賛成,賛成,賛成,賛成,賛成,賛成,賛成,賛成,賛成,賛成,賛成,賛成,賛成,賛成,賛成,賛成,賛成,賛成,賛成,賛成,賛成,賛成,賛成,賛成,賛成,賛成,賛成,賛成,賛成,賛成,賛成,賛成,賛成,賛成,賛成,賛成,賛成,賛成,賛成,賛成,賛成,賛成,賛成,賛成,賛成,賛成,賛成,賛成,賛成,賛成,賛成,賛成,賛成,賛成,賛成,賛成,賛成,賛成,賛成,賛成,賛成,賛成,賛成,賛成,賛成,賛成,賛成,賛成,賛成,賛成,賛成,賛成,賛成,賛成,賛成,賛成,賛成,賛成,賛成,賛成,賛成,賛成,賛成,賛成,賛成,賛成,賛成,賛成,賛成,賛成,賛成,賛成,賛成,賛成,賛成
こやり隆史,自由民主党,滋賀,令和10年7月25日,https://www.sangiin.go.jp/japanese/joho1/kousei/giin/profile/7016017.htm,False,0.0%,賛成,賛成,賛成,賛成,賛成,賛成,賛成,賛成,賛成,賛成,賛成,賛成,賛成,賛成,賛成,賛成,賛成,賛成,賛成,賛成,賛成,賛成,賛成,賛成,賛成,賛成,賛成,賛成,賛成,賛成,賛成,賛成,賛成,賛成,賛成,賛成,賛成,賛成,賛成,賛成,賛成,賛成,賛成,賛成,賛成,賛成,賛成,賛成,賛成,賛成,賛成,賛成,賛成,賛成,賛成,賛成,賛成,賛成,賛成,賛成,賛成,賛成,賛成,賛成,賛成,賛成,賛成,賛成,賛成,賛成,賛成,賛成,賛成,賛成,賛成,賛成,賛成,賛成,賛成,賛成,賛成,賛成,賛成,賛成,賛成,賛成,賛成,賛成,賛成,賛成,賛成,賛成,賛成,賛成,賛成,賛成,賛成,賛成,賛成,賛成,賛成,賛成,賛成,賛成,賛成,賛成,賛成,賛成,賛成,賛成,賛成,賛成,賛成,賛成,賛成,賛成,賛成,賛成,賛成,賛成,賛成,賛成,賛成,賛成,賛成,賛成,賛成,賛成,賛成,賛成,賛成,賛成,賛成,賛成,賛成,賛成
小林一大,自由民主党,新潟,令和10年7月25日,https://www.sangiin.go.jp/japanese/joho1/kousei/giin/profile/7022018.htm,False,0.0%,賛成,賛成,賛成,賛成,賛成,賛成,賛成,賛成,賛成,賛成,賛成,賛成,賛成,賛成,賛成,賛成,賛成,賛成,賛成,賛成,賛成,賛成,賛成,賛成,賛成,賛成,賛成,賛成,賛成,賛成,賛成,賛成,賛成,賛成,賛成,賛成,賛成,賛成,賛成,賛成,賛成,賛成,賛成,賛成,賛成,賛成,賛成,賛成,賛成,賛成,賛成,賛成,賛成,賛成,賛成,賛成,賛成,賛成,賛成,賛成,賛成,賛成,賛成,賛成,賛成,賛成,賛成,賛成,賛成,賛成,賛成,賛成,賛成,賛成,賛成,賛成,賛成,賛成,賛成,賛成,賛成,賛成,賛成,賛成,賛成,賛成,賛成,賛成,賛成,賛成,賛成,賛成,賛成,賛成,賛成,賛成,賛成,賛成,賛成,賛成,賛成,賛成,賛成,賛成,賛成,賛成,賛成,賛成,賛成,賛成,賛成,賛成,賛成,賛成,賛成,賛成,賛成,賛成,賛成,賛成,賛成,賛成,賛成,賛成,賛成,賛成,賛成,賛成,賛成,賛成,賛成,賛成,賛成,賛成,賛成,賛成
古賀友一郎,自由民主党,長崎,令和13年7月28日,https://www.sangiin.go.jp/japanese/joho1/kousei/giin/profile/7013021.htm,False,11.0%,投票なし,投票なし,賛成,賛成,賛成,賛成,賛成,賛成,賛成,賛成,賛成,賛成,賛成,賛成,賛成,賛成,賛成,賛成,賛成,賛成,賛成,賛成,賛成,賛成,賛成,賛成,賛成,賛成,賛成,賛成,賛成,賛成,賛成,賛成,賛成,賛成,賛成,賛成,賛成,賛成,賛成,賛成,賛成,賛成,賛成,賛成,賛成,賛成,賛成,賛成,賛成,賛成,賛成,賛成,賛成,賛成,賛成,賛成,賛成,賛成,賛成,賛成,賛成,賛成,賛成,賛成,投票なし,投票なし,投票なし,投票なし,投票なし,投票なし,投票なし,投票なし,投票なし,賛成,賛成,賛成,賛成,賛成,賛成,賛成,賛成,賛成,賛成,賛成,賛成,賛成,投票なし,投票なし,投票なし,投票なし,賛成,賛成,賛成,賛成,賛成,賛成,賛成,賛成,賛成,賛成,賛成,賛成,賛成,賛成,賛成,賛成,賛成,賛成,賛成,賛成,賛成,賛成,賛成,賛成,賛成,賛成,賛成,賛成,賛成,賛成,賛成,賛成,賛成,賛成,賛成,賛成,賛成,賛成,賛成,賛成,賛成,賛成,賛成,賛成
古庄玄知,自由民主党,大分,令和10年7月25日,https://www.sangiin.go.jp/japanese/joho1/kousei/giin/profile/7022020.htm,False,0.0%,賛成,賛成,賛成,賛成,賛成,賛成,賛成,賛成,賛成,賛成,賛成,賛成,賛成,賛成,賛成,賛成,賛成,賛成,賛成,賛成,賛成,賛成,賛成,賛成,賛成,賛成,賛成,賛成,賛成,賛成,賛成,賛成,賛成,賛成,賛成,賛成,賛成,賛成,賛成,賛成,賛成,賛成,賛成,賛成,賛成,賛成,賛成,賛成,賛成,賛成,賛成,賛成,賛成,賛成,賛成,賛成,賛成,賛成,賛成,賛成,賛成,賛成,賛成,賛成,賛成,賛成,賛成,賛成,賛成,賛成,賛成,賛成,賛成,賛成,賛成,賛成,賛成,賛成,賛成,賛成,賛成,賛成,賛成,賛成,賛成,賛成,賛成,賛成,賛成,賛成,賛成,賛成,賛成,賛成,賛成,賛成,賛成,賛成,賛成,賛成,賛成,賛成,賛成,賛成,賛成,賛成,賛成,賛成,賛成,賛成,賛成,賛成,賛成,賛成,賛成,賛成,賛成,賛成,賛成,賛成,賛成,賛成,賛成,賛成,賛成,賛成,賛成,賛成,賛成,賛成,賛成,賛成,賛成,賛成,賛成,賛成
上月良祐,自由民主党,茨城,令和13年7月28日,https://www.sangiin.go.jp/japanese/joho1/kousei/giin/profile/7013022.htm,False,0.0%,賛成,賛成,賛成,賛成,賛成,賛成,賛成,賛成,賛成,賛成,賛成,賛成,賛成,賛成,賛成,賛成,賛成,賛成,賛成,賛成,賛成,賛成,賛成,賛成,賛成,賛成,賛成,賛成,賛成,賛成,賛成,賛成,賛成,賛成,賛成,賛成,賛成,賛成,賛成,賛成,賛成,賛成,賛成,賛成,賛成,賛成,賛成,賛成,賛成,賛成,賛成,賛成,賛成,賛成,賛成,賛成,賛成,賛成,賛成,賛成,賛成,賛成,賛成,賛成,賛成,賛成,賛成,賛成,賛成,賛成,賛成,賛成,賛成,賛成,賛成,賛成,賛成,賛成,賛成,賛成,賛成,賛成,賛成,賛成,賛成,賛成,賛成,賛成,賛成,賛成,賛成,賛成,賛成,賛成,賛成,賛成,賛成,賛成,賛成,賛成,賛成,賛成,賛成,賛成,賛成,賛成,賛成,賛成,賛成,賛成,賛成,賛成,賛成,賛成,賛成,賛成,賛成,賛成,賛成,賛成,賛成,賛成,賛成,賛成,賛成,賛成,賛成,賛成,賛成,賛成,賛成,賛成,賛成,賛成,賛成,賛成
佐藤啓,自由民主党,奈良,令和10年7月25日,https://www.sangiin.go.jp/japanese/joho1/kousei/giin/profile/7016019.htm,False,0.0%,賛成,賛成,賛成,賛成,賛成,賛成,賛成,賛成,賛成,賛成,賛成,賛成,賛成,賛成,賛成,賛成,賛成,賛成,賛成,賛成,賛成,賛成,賛成,賛成,賛成,賛成,賛成,賛成,賛成,賛成,賛成,賛成,賛成,賛成,賛成,賛成,賛成,賛成,賛成,賛成,賛成,賛成,賛成,賛成,賛成,賛成,賛成,賛成,賛成,賛成,賛成,賛成,賛成,賛成,賛成,賛成,賛成,賛成,賛成,賛成,賛成,賛成,賛成,賛成,賛成,賛成,賛成,賛成,賛成,賛成,賛成,賛成,賛成,賛成,賛成,賛成,賛成,賛成,賛成,賛成,賛成,賛成,賛成,賛成,賛成,賛成,賛成,賛成,賛成,賛成,賛成,賛成,賛成,賛成,賛成,賛成,賛成,賛成,賛成,賛成,賛成,賛成,賛成,賛成,賛成,賛成,賛成,賛成,賛成,賛成,賛成,賛成,賛成,賛成,賛成,賛成,賛成,賛成,賛成,賛成,賛成,賛成,賛成,賛成,賛成,賛成,賛成,賛成,賛成,賛成,賛成,賛成,賛成,賛成,賛成,賛成
佐藤信秋,自由民主党,,,,False,0.0%,賛成,賛成,賛成,賛成,賛成,賛成,賛成,賛成,賛成,賛成,賛成,賛成,賛成,賛成,賛成,賛成,賛成,賛成,賛成,賛成,賛成,賛成,賛成,賛成,賛成,賛成,賛成,賛成,賛成,賛成,賛成,賛成,賛成,賛成,賛成,賛成,賛成,賛成,賛成,賛成,賛成,賛成,賛成,賛成,賛成,賛成,賛成,賛成,賛成,賛成,賛成,賛成,賛成,賛成,賛成,賛成,賛成,賛成,賛成,賛成,賛成,賛成,賛成,賛成,賛成,賛成,賛成,賛成,賛成,賛成,賛成,賛成,賛成,賛成,賛成,賛成,賛成,賛成,賛成,賛成,賛成,賛成,賛成,賛成,賛成,賛成,賛成,賛成,賛成,賛成,賛成,賛成,賛成,賛成,賛成,賛成,賛成,賛成,賛成,賛成,賛成,賛成,賛成,賛成,賛成,賛成,賛成,賛成,賛成,賛成,賛成,賛成,賛成,賛成,賛成,賛成,賛成,賛成,賛成,賛成,賛成,賛成,賛成,賛成,賛成,賛成,賛成,賛成,賛成,賛成,賛成,賛成,賛成,賛成,賛成,賛成
佐藤正久,自由民主党,,,,False,0.0%,賛成,賛成,賛成,賛成,賛成,賛成,賛成,賛成,賛成,賛成,賛成,賛成,賛成,賛成,賛成,賛成,賛成,賛成,賛成,賛成,賛成,賛成,賛成,賛成,賛成,賛成,賛成,賛成,賛成,賛成,賛成,賛成,賛成,賛成,賛成,賛成,賛成,賛成,賛成,賛成,賛成,賛成,賛成,賛成,賛成,賛成,賛成,賛成,賛成,賛成,賛成,賛成,賛成,賛成,賛成,賛成,賛成,賛成,賛成,賛成,賛成,賛成,賛成,賛成,賛成,賛成,賛成,賛成,賛成,賛成,賛成,賛成,賛成,賛成,賛成,賛成,賛成,賛成,賛成,賛成,賛成,賛成,賛成,賛成,賛成,賛成,賛成,賛成,賛成,賛成,賛成,賛成,賛成,賛成,賛成,賛成,賛成,賛成,賛成,賛成,賛成,賛成,賛成,賛成,賛成,賛成,賛成,賛成,賛成,賛成,賛成,賛成,賛成,賛成,賛成,賛成,賛成,賛成,賛成,賛成,賛成,賛成,賛成,賛成,賛成,賛成,賛成,賛成,賛成,賛成,賛成,賛成,賛成,賛成,賛成,賛成
酒井庸行,自由民主党,愛知,令和13年7月28日,https://www.sangiin.go.jp/japanese/joho1/kousei/giin/profile/7013024.htm,False,0.0%,賛成,賛成,賛成,賛成,賛成,賛成,賛成,賛成,賛成,賛成,賛成,賛成,賛成,賛成,賛成,賛成,賛成,賛成,賛成,賛成,賛成,賛成,賛成,賛成,賛成,賛成,賛成,賛成,賛成,賛成,賛成,賛成,賛成,賛成,賛成,賛成,賛成,賛成,賛成,賛成,賛成,賛成,賛成,賛成,賛成,賛成,賛成,賛成,賛成,賛成,賛成,賛成,賛成,賛成,賛成,賛成,賛成,賛成,賛成,賛成,賛成,賛成,賛成,賛成,賛成,賛成,賛成,賛成,賛成,賛成,賛成,賛成,賛成,賛成,賛成,賛成,賛成,賛成,賛成,賛成,賛成,賛成,賛成,賛成,賛成,賛成,賛成,賛成,賛成,賛成,賛成,賛成,賛成,賛成,賛成,賛成,賛成,賛成,賛成,賛成,賛成,賛成,賛成,賛成,賛成,賛成,賛成,賛成,賛成,賛成,賛成,賛成,賛成,賛成,賛成,賛成,賛成,賛成,賛成,賛成,賛成,賛成,賛成,賛成,賛成,賛成,賛成,賛成,賛成,賛成,賛成,賛成,賛成,賛成,賛成,賛成
櫻井充,自由民主党,宮城,令和10年7月25日,https://www.sangiin.go.jp/japanese/joho1/kousei/giin/profile/5998030.htm,False,0.0%,賛成,賛成,賛成,賛成,賛成,賛成,賛成,賛成,賛成,賛成,賛成,賛成,賛成,賛成,賛成,賛成,賛成,賛成,賛成,賛成,賛成,賛成,賛成,賛成,賛成,賛成,賛成,賛成,賛成,賛成,賛成,賛成,賛成,賛成,賛成,賛成,賛成,賛成,賛成,賛成,賛成,賛成,賛成,賛成,賛成,賛成,賛成,賛成,賛成,賛成,賛成,賛成,賛成,賛成,賛成,賛成,賛成,賛成,賛成,賛成,賛成,賛成,賛成,賛成,賛成,賛成,賛成,賛成,賛成,賛成,賛成,賛成,賛成,賛成,賛成,賛成,賛成,賛成,賛成,賛成,賛成,賛成,賛成,賛成,賛成,賛成,賛成,賛成,賛成,賛成,賛成,賛成,賛成,賛成,賛成,賛成,賛成,賛成,賛成,賛成,賛成,賛成,賛成,賛成,賛成,賛成,賛成,賛成,賛成,賛成,賛成,賛成,賛成,賛成,賛成,賛成,賛成,賛成,賛成,賛成,賛成,賛成,賛成,賛成,賛成,賛成,賛成,賛成,賛成,賛成,賛成,賛成,賛成,賛成,賛成,賛成
山東昭子,自由民主党,,,,False,16.9%,賛成,賛成,賛成,賛成,賛成,賛成,賛成,賛成,賛成,賛成,賛成,賛成,賛成,賛成,賛成,賛成,賛成,賛成,投票なし,投票なし,投票なし,投票なし,投票なし,賛成,賛成,賛成,賛成,賛成,賛成,賛成,賛成,賛成,賛成,賛成,賛成,賛成,賛成,賛成,賛成,賛成,賛成,賛成,賛成,賛成,賛成,賛成,賛成,賛成,賛成,賛成,賛成,賛成,賛成,賛成,賛成,賛成,賛成,賛成,投票なし,投票なし,投票なし,投票なし,投票なし,投票なし,賛成,賛成,賛成,賛成,賛成,賛成,賛成,賛成,賛成,賛成,賛成,賛成,賛成,賛成,賛成,賛成,賛成,賛成,賛成,賛成,賛成,賛成,賛成,賛成,賛成,賛成,賛成,投票なし,投票なし,投票なし,投票なし,賛成,賛成,賛成,賛成,賛成,賛成,賛成,賛成,賛成,賛成,賛成,賛成,賛成,賛成,投票なし,投票なし,投票なし,投票なし,投票なし,投票なし,投票なし,投票なし,賛成,賛成,賛成,賛成,賛成,賛成,賛成,賛成,賛成,賛成,賛成,賛成,賛成,賛成,賛成,賛成,賛成,賛成,賛成
清水真人,自由民主党,群馬,令和13年7月28日,https://www.sangiin.go.jp/japanese/joho1/kousei/giin/profile/7019018.htm,False,0.0%,賛成,賛成,賛成,賛成,賛成,賛成,賛成,賛成,賛成,賛成,賛成,賛成,賛成,賛成,賛成,賛成,賛成,賛成,賛成,賛成,賛成,賛成,賛成,賛成,賛成,賛成,賛成,賛成,賛成,賛成,賛成,賛成,賛成,賛成,賛成,賛成,賛成,賛成,賛成,賛成,賛成,賛成,賛成,賛成,賛成,賛成,賛成,賛成,賛成,賛成,賛成,賛成,賛成,賛成,賛成,賛成,賛成,賛成,賛成,賛成,賛成,賛成,賛成,賛成,賛成,賛成,賛成,賛成,賛成,賛成,賛成,賛成,賛成,賛成,賛成,賛成,賛成,賛成,賛成,賛成,賛成,賛成,賛成,賛成,賛成,賛成,賛成,賛成,賛成,賛成,賛成,賛成,賛成,賛成,賛成,賛成,賛成,賛成,賛成,賛成,賛成,賛成,賛成,賛成,賛成,賛成,賛成,賛成,賛成,賛成,賛成,賛成,賛成,賛成,賛成,賛成,賛成,賛成,賛成,賛成,賛成,賛成,賛成,賛成,賛成,賛成,賛成,賛成,賛成,賛成,賛成,賛成,賛成,賛成,賛成,賛成
自見はなこ,自由民主党,比例,令和10年7月25日,https://www.sangiin.go.jp/japanese/joho1/kousei/giin/profile/7016021.htm,False,8.1%,賛成,賛成,賛成,賛成,賛成,賛成,賛成,賛成,賛成,賛成,賛成,賛成,賛成,賛成,賛成,賛成,賛成,賛成,賛成,賛成,賛成,賛成,賛成,賛成,賛成,賛成,賛成,賛成,賛成,賛成,賛成,賛成,賛成,賛成,賛成,賛成,賛成,賛成,賛成,賛成,賛成,賛成,賛成,賛成,賛成,賛成,賛成,投票なし,投票なし,投票なし,投票なし,投票なし,投票なし,投票なし,投票なし,投票なし,投票なし,投票なし,賛成,賛成,賛成,賛成,賛成,賛成,賛成,賛成,賛成,賛成,賛成,賛成,賛成,賛成,賛成,賛成,賛成,賛成,賛成,賛成,賛成,賛成,賛成,賛成,賛成,賛成,賛成,賛成,賛成,賛成,賛成,賛成,賛成,賛成,賛成,賛成,賛成,賛成,賛成,賛成,賛成,賛成,賛成,賛成,賛成,賛成,賛成,賛成,賛成,賛成,賛成,賛成,賛成,賛成,賛成,賛成,賛成,賛成,賛成,賛成,賛成,賛成,賛成,賛成,賛成,賛成,賛成,賛成,賛成,賛成,賛成,賛成,賛成,賛成,賛成,賛成,賛成,賛成
白坂亜紀,自由民主党,,,,False,0.0%,賛成,賛成,賛成,賛成,賛成,賛成,賛成,賛成,賛成,賛成,賛成,賛成,賛成,賛成,賛成,賛成,賛成,賛成,賛成,賛成,賛成,賛成,賛成,賛成,賛成,賛成,賛成,賛成,賛成,賛成,賛成,賛成,賛成,賛成,賛成,賛成,賛成,賛成,賛成,賛成,賛成,賛成,賛成,賛成,賛成,賛成,賛成,賛成,賛成,賛成,賛成,賛成,賛成,賛成,賛成,賛成,賛成,賛成,賛成,賛成,賛成,賛成,賛成,賛成,賛成,賛成,賛成,賛成,賛成,賛成,賛成,賛成,賛成,賛成,賛成,賛成,賛成,賛成,賛成,賛成,賛成,賛成,賛成,賛成,賛成,賛成,賛成,賛成,賛成,賛成,賛成,賛成,賛成,賛成,賛成,賛成,賛成,賛成,賛成,賛成,賛成,賛成,賛成,賛成,賛成,賛成,賛成,賛成,賛成,賛成,賛成,賛成,賛成,賛成,賛成,賛成,賛成,賛成,賛成,賛成,賛成,賛成,賛成,賛成,賛成,賛成,賛成,賛成,賛成,賛成,賛成,賛成,賛成,賛成,賛成,賛成
進藤金日子,自由民主党,比例,令和10年7月25日,https://www.sangiin.go.jp/japanese/joho1/kousei/giin/profile/7016022.htm,False,0.0%,賛成,賛成,賛成,賛成,賛成,賛成,賛成,賛成,賛成,賛成,賛成,賛成,賛成,賛成,賛成,賛成,賛成,賛成,賛成,賛成,賛成,賛成,賛成,賛成,賛成,賛成,賛成,賛成,賛成,賛成,賛成,賛成,賛成,賛成,賛成,賛成,賛成,賛成,賛成,賛成,賛成,賛成,賛成,賛成,賛成,賛成,賛成,賛成,賛成,賛成,賛成,賛成,賛成,賛成,賛成,賛成,賛成,賛成,賛成,賛成,賛成,賛成,賛成,賛成,賛成,賛成,賛成,賛成,賛成,賛成,賛成,賛成,賛成,賛成,賛成,賛成,賛成,賛成,賛成,賛成,賛成,賛成,賛成,賛成,賛成,賛成,賛成,賛成,賛成,賛成,賛成,賛成,賛成,賛成,賛成,賛成,賛成,賛成,賛成,賛成,賛成,賛成,賛成,賛成,賛成,賛成,賛成,賛成,賛成,賛成,賛成,賛成,賛成,賛成,賛成,賛成,賛成,賛成,賛成,賛成,賛成,賛成,賛成,賛成,賛成,賛成,賛成,賛成,賛成,賛成,賛成,賛成,賛成,賛成,賛成,賛成
末松信介,自由民主党,兵庫,令和10年7月25日,https://www.sangiin.go.jp/japanese/joho1/kousei/giin/profile/7004033.htm,False,0.0%,賛成,賛成,賛成,賛成,賛成,賛成,賛成,賛成,賛成,賛成,賛成,賛成,賛成,賛成,賛成,賛成,賛成,賛成,賛成,賛成,賛成,賛成,賛成,賛成,賛成,賛成,賛成,賛成,賛成,賛成,賛成,賛成,賛成,賛成,賛成,賛成,賛成,賛成,賛成,賛成,賛成,賛成,賛成,賛成,賛成,賛成,賛成,賛成,賛成,賛成,賛成,賛成,賛成,賛成,賛成,賛成,賛成,賛成,賛成,賛成,賛成,賛成,賛成,賛成,賛成,賛成,賛成,賛成,賛成,賛成,賛成,賛成,賛成,賛成,賛成,賛成,賛成,賛成,賛成,賛成,賛成,賛成,賛成,賛成,賛成,賛成,賛成,賛成,賛成,賛成,賛成,賛成,賛成,賛成,賛成,賛成,賛成,賛成,賛成,賛成,賛成,賛成,賛成,賛成,賛成,賛成,賛成,賛成,賛成,賛成,賛成,賛成,賛成,賛成,賛成,賛成,賛成,賛成,賛成,賛成,賛成,賛成,賛成,賛成,賛成,賛成,賛成,賛成,賛成,賛成,賛成,賛成,賛成,賛成,賛成,賛成
田中昌史,自由民主党,,,,False,0.0%,賛成,賛成,賛成,賛成,賛成,賛成,賛成,賛成,賛成,賛成,賛成,賛成,賛成,賛成,賛成,賛成,賛成,賛成,賛成,賛成,賛成,賛成,賛成,賛成,賛成,賛成,賛成,賛成,賛成,賛成,賛成,賛成,賛成,賛成,賛成,賛成,賛成,賛成,賛成,賛成,賛成,賛成,賛成,賛成,賛成,賛成,賛成,賛成,賛成,賛成,賛成,賛成,賛成,賛成,賛成,賛成,賛成,賛成,賛成,賛成,賛成,賛成,賛成,賛成,賛成,賛成,賛成,賛成,賛成,賛成,賛成,賛成,賛成,賛成,賛成,賛成,賛成,賛成,賛成,賛成,賛成,賛成,賛成,賛成,賛成,賛成,賛成,賛成,賛成,賛成,賛成,賛成,賛成,賛成,賛成,賛成,賛成,賛成,賛成,賛成,賛成,賛成,賛成,賛成,賛成,賛成,賛成,賛成,賛成,賛成,賛成,賛成,賛成,賛成,賛成,賛成,賛成,賛成,賛成,賛成,賛成,賛成,賛成,賛成,賛成,賛成,賛成,賛成,賛成,賛成,賛成,賛成,賛成,賛成,賛成,賛成
高橋克法,自由民主党,栃木,令和13年7月28日,https://www.sangiin.go.jp/japanese/joho1/kousei/giin/profile/7013030.htm,False,8.1%,賛成,賛成,賛成,賛成,賛成,賛成,賛成,賛成,賛成,賛成,賛成,賛成,賛成,賛成,賛成,賛成,賛成,賛成,賛成,賛成,賛成,賛成,賛成,賛成,賛成,賛成,賛成,賛成,賛成,賛成,賛成,賛成,賛成,賛成,賛成,賛成,賛成,賛成,賛成,賛成,賛成,賛成,賛成,賛成,賛成,賛成,賛成,投票なし,投票なし,投票なし,投票なし,投票なし,投票なし,投票なし,投票なし,投票なし,投票なし,投票なし,賛成,賛成,賛成,賛成,賛成,賛成,賛成,賛成,賛成,賛成,賛成,賛成,賛成,賛成,賛成,賛成,賛成,賛成,賛成,賛成,賛成,賛成,賛成,賛成,賛成,賛成,賛成,賛成,賛成,賛成,賛成,賛成,賛成,賛成,賛成,賛成,賛成,賛成,賛成,賛成,賛成,賛成,賛成,賛成,賛成,賛成,賛成,賛成,賛成,賛成,賛成,賛成,賛成,賛成,賛成,賛成,賛成,賛成,賛成,賛成,賛成,賛成,賛成,賛成,賛成,賛成,賛成,賛成,賛成,賛成,賛成,賛成,賛成,賛成,賛成,賛成,賛成,賛成
高橋はるみ,自由民主党,北海道,令和13年7月28日,https://www.sangiin.go.jp/japanese/joho1/kousei/giin/profile/7019026.htm,False,0.0%,賛成,賛成,賛成,賛成,賛成,賛成,賛成,賛成,賛成,賛成,賛成,賛成,賛成,賛成,賛成,賛成,賛成,賛成,賛成,賛成,賛成,賛成,賛成,賛成,賛成,賛成,賛成,賛成,賛成,賛成,賛成,賛成,賛成,賛成,賛成,賛成,賛成,賛成,賛成,賛成,賛成,賛成,賛成,賛成,賛成,賛成,賛成,賛成,賛成,賛成,賛成,賛成,賛成,賛成,賛成,賛成,賛成,賛成,賛成,賛成,賛成,賛成,賛成,賛成,賛成,賛成,賛成,賛成,賛成,賛成,賛成,賛成,賛成,賛成,賛成,賛成,賛成,賛成,賛成,賛成,賛成,賛成,賛成,賛成,賛成,賛成,賛成,賛成,賛成,賛成,賛成,賛成,賛成,賛成,賛成,賛成,賛成,賛成,賛成,賛成,賛成,賛成,賛成,賛成,賛成,賛成,賛成,賛成,賛成,賛成,賛成,賛成,賛成,賛成,賛成,賛成,賛成,賛成,賛成,賛成,賛成,賛成,賛成,賛成,賛成,賛成,賛成,賛成,賛成,賛成,賛成,賛成,賛成,賛成,賛成,賛成
滝沢求,自由民主党,,,,False,0.0%,賛成,賛成,賛成,賛成,賛成,賛成,賛成,賛成,賛成,賛成,賛成,賛成,賛成,賛成,賛成,賛成,賛成,賛成,賛成,賛成,賛成,賛成,賛成,賛成,賛成,賛成,賛成,賛成,賛成,賛成,賛成,賛成,賛成,賛成,賛成,賛成,賛成,賛成,賛成,賛成,賛成,賛成,賛成,賛成,賛成,賛成,賛成,賛成,賛成,賛成,賛成,賛成,賛成,賛成,賛成,賛成,賛成,賛成,賛成,賛成,賛成,賛成,賛成,賛成,賛成,賛成,賛成,賛成,賛成,賛成,賛成,賛成,賛成,賛成,賛成,賛成,賛成,賛成,賛成,賛成,賛成,賛成,賛成,賛成,賛成,賛成,賛成,賛成,賛成,賛成,賛成,賛成,賛成,賛成,賛成,賛成,賛成,賛成,賛成,賛成,賛成,賛成,賛成,賛成,賛成,賛成,賛成,賛成,賛成,賛成,賛成,賛成,賛成,賛成,賛成,賛成,賛成,賛成,賛成,賛成,賛成,賛成,賛成,賛成,賛成,賛成,賛成,賛成,賛成,賛成,賛成,賛成,賛成,賛成,賛成,賛成
滝波宏文,自由民主党,福井,令和13年7月28日,https://www.sangiin.go.jp/japanese/joho1/kousei/giin/profile/7013032.htm,False,0.0%,賛成,賛成,賛成,賛成,賛成,賛成,賛成,賛成,賛成,賛成,賛成,賛成,賛成,賛成,賛成,賛成,賛成,賛成,賛成,賛成,賛成,賛成,賛成,賛成,賛成,賛成,賛成,賛成,賛成,賛成,賛成,賛成,賛成,賛成,賛成,賛成,賛成,賛成,賛成,賛成,賛成,賛成,賛成,賛成,賛成,賛成,賛成,賛成,賛成,賛成,賛成,賛成,賛成,賛成,賛成,賛成,賛成,賛成,賛成,賛成,賛成,賛成,賛成,賛成,賛成,賛成,賛成,賛成,賛成,賛成,賛成,賛成,賛成,賛成,賛成,賛成,賛成,賛成,賛成,賛成,賛成,賛成,賛成,賛成,賛成,賛成,賛成,賛成,賛成,賛成,賛成,賛成,賛成,賛成,賛成,賛成,賛成,賛成,賛成,賛成,賛成,賛成,賛成,賛成,賛成,賛成,賛成,賛成,賛成,賛成,賛成,賛成,賛成,賛成,賛成,賛成,賛成,賛成,賛成,賛成,賛成,賛成,賛成,賛成,賛成,賛成,賛成,賛成,賛成,賛成,賛成,賛成,賛成,賛成,賛成,賛成
武見敬三,自由民主党,,,,False,6.6%,賛成,賛成,賛成,賛成,賛成,賛成,賛成,賛成,賛成,賛成,賛成,賛成,賛成,賛成,賛成,賛成,賛成,賛成,賛成,賛成,賛成,賛成,賛成,賛成,賛成,賛成,賛成,賛成,賛成,賛成,賛成,賛成,賛成,賛成,賛成,賛成,賛成,賛成,賛成,賛成,賛成,賛成,賛成,賛成,賛成,賛成,賛成,賛成,賛成,賛成,賛成,賛成,賛成,賛成,賛成,賛成,賛成,賛成,投票なし,投票なし,投票なし,投票なし,投票なし,投票なし,投票なし,投票なし,賛成,賛成,賛成,賛成,賛成,賛成,賛成,賛成,賛成,賛成,賛成,賛成,賛成,賛成,賛成,賛成,賛成,賛成,賛成,賛成,賛成,賛成,賛成,賛成,賛成,賛成,賛成,賛成,賛成,賛成,賛成,賛成,賛成,賛成,賛成,賛成,賛成,賛成,賛成,賛成,賛成,賛成,賛成,賛成,投票なし,賛成,賛成,賛成,賛成,賛成,賛成,賛成,賛成,賛成,賛成,賛成,賛成,賛成,賛成,賛成,賛成,賛成,賛成,賛成,賛成,賛成,賛成,賛成,賛成,賛成
柘植芳文,自由民主党,,,,False,0.7%,賛成,賛成,賛成,賛成,賛成,賛成,賛成,賛成,賛成,賛成,賛成,賛成,賛成,賛成,賛成,賛成,賛成,賛成,賛成,賛成,賛成,投票なし,賛成,賛成,賛成,賛成,賛成,賛成,賛成,賛成,賛成,賛成,賛成,賛成,賛成,賛成,賛成,賛成,賛成,賛成,賛成,賛成,賛成,賛成,賛成,賛成,賛成,賛成,賛成,賛成,賛成,賛成,賛成,賛成,賛成,賛成,賛成,賛成,賛成,賛成,賛成,賛成,賛成,賛成,賛成,賛成,賛成,賛成,賛成,賛成,賛成,賛成,賛成,賛成,賛成,賛成,賛成,賛成,賛成,賛成,賛成,賛成,賛成,賛成,賛成,賛成,賛成,賛成,賛成,賛成,賛成,賛成,賛成,賛成,賛成,賛成,賛成,賛成,賛成,賛成,賛成,賛成,賛成,賛成,賛成,賛成,賛成,賛成,賛成,賛成,賛成,賛成,賛成,賛成,賛成,賛成,賛成,賛成,賛成,賛成,賛成,賛成,賛成,賛成,賛成,賛成,賛成,賛成,賛成,賛成,賛成,賛成,賛成,賛成,賛成,賛成
鶴保庸介,自由民主党,和歌山,令和10年7月25日,https://www.sangiin.go.jp/japanese/joho1/kousei/giin/profile/5998036.htm,False,5.9%,賛成,賛成,賛成,賛成,賛成,賛成,賛成,賛成,賛成,賛成,賛成,賛成,賛成,賛成,賛成,賛成,賛成,賛成,賛成,賛成,賛成,賛成,賛成,賛成,賛成,賛成,賛成,賛成,賛成,賛成,賛成,賛成,賛成,賛成,賛成,賛成,賛成,賛成,賛成,賛成,賛成,賛成,賛成,賛成,賛成,賛成,賛成,賛成,賛成,賛成,賛成,賛成,賛成,賛成,賛成,賛成,賛成,賛成,賛成,賛成,賛成,賛成,賛成,賛成,賛成,賛成,賛成,賛成,賛成,賛成,賛成,賛成,賛成,賛成,賛成,賛成,賛成,賛成,賛成,賛成,賛成,賛成,賛成,賛成,賛成,賛成,賛成,賛成,賛成,賛成,賛成,賛成,賛成,賛成,賛成,賛成,賛成,賛成,賛成,賛成,賛成,賛成,賛成,賛成,賛成,賛成,賛成,賛成,賛成,投票なし,投票なし,投票なし,投票なし,投票なし,投票なし,投票なし,投票なし,賛成,賛成,賛成,賛成,賛成,賛成,賛成,賛成,賛成,賛成,賛成,賛成,賛成,賛成,賛成,賛成,賛成,賛成,賛成
堂故茂,自由民主党,,,,False,0.0%,賛成,賛成,賛成,賛成,賛成,賛成,賛成,賛成,賛成,賛成,賛成,賛成,賛成,賛成,賛成,賛成,賛成,賛成,賛成,賛成,賛成,賛成,賛成,賛成,賛成,賛成,賛成,賛成,賛成,賛成,賛成,賛成,賛成,賛成,賛成,賛成,賛成,賛成,賛成,賛成,賛成,賛成,賛成,賛成,賛成,賛成,賛成,賛成,賛成,賛成,賛成,賛成,賛成,賛成,賛成,賛成,賛成,賛成,賛成,賛成,賛成,賛成,賛成,賛成,賛成,賛成,賛成,賛成,賛成,賛成,賛成,賛成,賛成,賛成,賛成,賛成,賛成,賛成,賛成,賛成,賛成,賛成,賛成,賛成,賛成,賛成,賛成,賛成,賛成,賛成,賛成,賛成,賛成,賛成,賛成,賛成,賛成,賛成,賛成,賛成,賛成,賛成,賛成,賛成,賛成,賛成,賛成,賛成,賛成,賛成,賛成,賛成,賛成,賛成,賛成,賛成,賛成,賛成,賛成,賛成,賛成,賛成,賛成,賛成,賛成,賛成,賛成,賛成,賛成,賛成,賛成,賛成,賛成,賛成,賛成,賛成
友納理緒,自由民主党,比例,令和10年7月25日,https://www.sangiin.go.jp/japanese/joho1/kousei/giin/profile/7022028.htm,False,0.0%,賛成,賛成,賛成,賛成,賛成,賛成,賛成,賛成,賛成,賛成,賛成,賛成,賛成,賛成,賛成,賛成,賛成,賛成,賛成,賛成,賛成,賛成,賛成,賛成,賛成,賛成,賛成,賛成,賛成,賛成,賛成,賛成,賛成,賛成,賛成,賛成,賛成,賛成,賛成,賛成,賛成,賛成,賛成,賛成,賛成,賛成,賛成,賛成,賛成,賛成,賛成,賛成,賛成,賛成,賛成,賛成,賛成,賛成,賛成,賛成,賛成,賛成,賛成,賛成,賛成,賛成,賛成,賛成,賛成,賛成,賛成,賛成,賛成,賛成,賛成,賛成,賛成,賛成,賛成,賛成,賛成,賛成,賛成,賛成,賛成,賛成,賛成,賛成,賛成,賛成,賛成,賛成,賛成,賛成,賛成,賛成,賛成,賛成,賛成,賛成,賛成,賛成,賛成,賛成,賛成,賛成,賛成,賛成,賛成,賛成,賛成,賛成,賛成,賛成,賛成,賛成,賛成,賛成,賛成,賛成,賛成,賛成,賛成,賛成,賛成,賛成,賛成,賛成,賛成,賛成,賛成,賛成,賛成,賛成,賛成,賛成
豊田俊郎,自由民主党,,,,False,0.0%,賛成,賛成,賛成,賛成,賛成,賛成,賛成,賛成,賛成,賛成,賛成,賛成,賛成,賛成,賛成,賛成,賛成,賛成,賛成,賛成,賛成,賛成,賛成,賛成,賛成,賛成,賛成,賛成,賛成,賛成,賛成,賛成,賛成,賛成,賛成,賛成,賛成,賛成,賛成,賛成,賛成,賛成,賛成,賛成,賛成,賛成,賛成,賛成,賛成,賛成,賛成,賛成,賛成,賛成,賛成,賛成,賛成,賛成,賛成,賛成,賛成,賛成,賛成,賛成,賛成,賛成,賛成,賛成,賛成,賛成,賛成,賛成,賛成,賛成,賛成,賛成,賛成,賛成,賛成,賛成,賛成,賛成,賛成,賛成,賛成,賛成,賛成,賛成,賛成,賛成,賛成,賛成,賛成,賛成,賛成,賛成,賛成,賛成,賛成,賛成,賛成,賛成,賛成,賛成,賛成,賛成,賛成,賛成,賛成,賛成,賛成,賛成,賛成,賛成,賛成,賛成,賛成,賛成,賛成,賛成,賛成,賛成,賛成,賛成,賛成,賛成,賛成,賛成,賛成,賛成,賛成,賛成,賛成,賛成,賛成,賛成
中曽根弘文,自由民主党,群馬,令和10年7月25日,https://www.sangiin.go.jp/japanese/joho1/kousei/giin/profile/5986024.htm,False,12.5%,賛成,賛成,賛成,賛成,賛成,賛成,賛成,賛成,賛成,賛成,賛成,賛成,賛成,賛成,賛成,賛成,賛成,賛成,賛成,賛成,賛成,賛成,賛成,賛成,賛成,賛成,賛成,賛成,賛成,賛成,賛成,賛成,賛成,賛成,賛成,賛成,賛成,賛成,賛成,賛成,賛成,賛成,賛成,賛成,賛成,賛成,賛成,賛成,賛成,賛成,賛成,賛成,賛成,賛成,賛成,賛成,賛成,賛成,投票なし,投票なし,投票なし,投票なし,投票なし,投票なし,賛成,賛成,賛成,賛成,賛成,賛成,賛成,賛成,賛成,賛成,賛成,賛成,賛成,賛成,賛成,賛成,賛成,投票なし,賛成,賛成,賛成,賛成,賛成,賛成,賛成,賛成,賛成,賛成,賛成,賛成,賛成,賛成,賛成,賛成,賛成,賛成,賛成,賛成,賛成,賛成,賛成,賛成,賛成,賛成,賛成,投票なし,投票なし,投票なし,投票なし,投票なし,投票なし,投票なし,投票なし,賛成,賛成,賛成,賛成,賛成,投票なし,投票なし,賛成,賛成,賛成,賛成,賛成,賛成,賛成,賛成,賛成,賛成,賛成,賛成
中田宏,自由民主党,,,,False,3.7%,賛成,賛成,賛成,賛成,賛成,賛成,賛成,賛成,賛成,賛成,賛成,賛成,賛成,賛成,賛成,賛成,賛成,賛成,賛成,賛成,賛成,賛成,賛成,賛成,賛成,賛成,賛成,賛成,賛成,賛成,賛成,賛成,賛成,賛成,賛成,賛成,賛成,賛成,賛成,賛成,賛成,賛成,賛成,賛成,賛成,賛成,賛成,賛成,賛成,賛成,賛成,賛成,賛成,賛成,賛成,賛成,賛成,賛成,賛成,賛成,賛成,賛成,賛成,賛成,賛成,賛成,賛成,賛成,賛成,賛成,賛成,賛成,賛成,賛成,賛成,賛成,賛成,賛成,賛成,賛成,賛成,賛成,賛成,賛成,賛成,賛成,賛成,賛成,賛成,賛成,賛成,賛成,投票なし,投票なし,投票なし,賛成,賛成,賛成,賛成,賛成,賛成,賛成,賛成,賛成,賛成,賛成,賛成,賛成,賛成,賛成,賛成,賛成,賛成,賛成,賛成,賛成,賛成,賛成,賛成,賛成,賛成,賛成,投票なし,投票なし,賛成,賛成,賛成,賛成,賛成,賛成,賛成,賛成,賛成,賛成,賛成,賛成
中西祐介,自由民主党,徳島・高知,令和10年7月25日,https://www.sangiin.go.jp/japanese/joho1/kousei/giin/profile/7010038.htm,False,0.0%,賛成,賛成,賛成,賛成,賛成,賛成,賛成,賛成,賛成,賛成,賛成,賛成,賛成,賛成,賛成,賛成,賛成,賛成,賛成,賛成,賛成,賛成,賛成,賛成,賛成,賛成,賛成,賛成,賛成,賛成,賛成,賛成,賛成,賛成,賛成,賛成,賛成,賛成,賛成,賛成,賛成,賛成,賛成,賛成,賛成,賛成,賛成,賛成,賛成,賛成,賛成,賛成,賛成,賛成,賛成,賛成,賛成,賛成,賛成,賛成,賛成,賛成,賛成,賛成,賛成,賛成,賛成,賛成,賛成,賛成,賛成,賛成,賛成,賛成,賛成,賛成,賛成,賛成,賛成,賛成,賛成,賛成,賛成,賛成,賛成,賛成,賛成,賛成,賛成,賛成,賛成,賛成,賛成,賛成,賛成,賛成,賛成,賛成,賛成,賛成,賛成,賛成,賛成,賛成,賛成,賛成,賛成,賛成,賛成,賛成,賛成,賛成,賛成,賛成,賛成,賛成,賛成,賛成,賛成,賛成,賛成,賛成,賛成,賛成,賛成,賛成,賛成,賛成,賛成,賛成,賛成,賛成,賛成,賛成,賛成,賛成
永井学,自由民主党,山梨,令和10年7月25日,https://www.sangiin.go.jp/japanese/joho1/kousei/giin/profile/7022030.htm,False,0.0%,賛成,賛成,賛成,賛成,賛成,賛成,賛成,賛成,賛成,賛成,賛成,賛成,賛成,賛成,賛成,賛成,賛成,賛成,賛成,賛成,賛成,賛成,賛成,賛成,賛成,賛成,賛成,賛成,賛成,賛成,賛成,賛成,賛成,賛成,賛成,賛成,賛成,賛成,賛成,賛成,賛成,賛成,賛成,賛成,賛成,賛成,賛成,賛成,賛成,賛成,賛成,賛成,賛成,賛成,賛成,賛成,賛成,賛成,賛成,賛成,賛成,賛成,賛成,賛成,賛成,賛成,賛成,賛成,賛成,賛成,賛成,賛成,賛成,賛成,賛成,賛成,賛成,賛成,賛成,賛成,賛成,賛成,賛成,賛成,賛成,賛成,賛成,賛成,賛成,賛成,賛成,賛成,賛成,賛成,賛成,賛成,賛成,賛成,賛成,賛成,賛成,賛成,賛成,賛成,賛成,賛成,賛成,賛成,賛成,賛成,賛成,賛成,賛成,賛成,賛成,賛成,賛成,賛成,賛成,賛成,賛成,賛成,賛成,賛成,賛成,賛成,賛成,賛成,賛成,賛成,賛成,賛成,賛成,賛成,賛成,賛成
長峯誠,自由民主党,,,,False,2.9%,賛成,賛成,賛成,賛成,賛成,賛成,賛成,賛成,賛成,賛成,賛成,賛成,賛成,賛成,賛成,賛成,賛成,賛成,賛成,賛成,賛成,賛成,賛成,賛成,賛成,賛成,賛成,賛成,賛成,賛成,賛成,賛成,賛成,賛成,賛成,賛成,賛成,賛成,賛成,賛成,賛成,賛成,賛成,賛成,賛成,賛成,賛成,賛成,賛成,賛成,賛成,賛成,賛成,賛成,賛成,賛成,賛成,賛成,賛成,賛成,賛成,賛成,賛成,賛成,賛成,賛成,賛成,賛成,賛成,賛成,賛成,賛成,賛成,賛成,賛成,賛成,賛成,賛成,投票なし,投票なし,投票なし,投票なし,賛成,賛成,賛成,賛成,賛成,賛成,賛成,賛成,賛成,賛成,賛成,賛成,賛成,賛成,賛成,賛成,賛成,賛成,賛成,賛成,賛成,賛成,賛成,賛成,賛成,賛成,賛成,賛成,賛成,賛成,賛成,賛成,賛成,賛成,賛成,賛成,賛成,賛成,賛成,賛成,賛成,賛成,賛成,賛成,賛成,賛成,賛成,賛成,賛成,賛成,賛成,賛成,賛成,賛成
西田昌司,自由民主党,京都,令和13年7月28日,https://www.sangiin.go.jp/japanese/joho1/kousei/giin/profile/7007044.htm,False,2.2%,投票なし,投票なし,賛成,賛成,賛成,賛成,賛成,賛成,賛成,賛成,賛成,賛成,賛成,賛成,賛成,賛成,賛成,賛成,賛成,賛成,賛成,賛成,賛成,賛成,賛成,賛成,賛成,賛成,賛成,賛成,賛成,賛成,賛成,賛成,賛成,賛成,賛成,賛成,賛成,賛成,賛成,賛成,賛成,賛成,賛成,賛成,賛成,賛成,賛成,賛成,賛成,賛成,賛成,賛成,賛成,賛成,賛成,賛成,賛成,賛成,賛成,賛成,賛成,賛成,賛成,賛成,賛成,賛成,賛成,賛成,賛成,賛成,賛成,賛成,賛成,賛成,賛成,賛成,賛成,賛成,賛成,賛成,賛成,賛成,賛成,賛成,賛成,賛成,賛成,賛成,賛成,賛成,賛成,賛成,賛成,賛成,賛成,賛成,賛成,賛成,賛成,賛成,賛成,賛成,賛成,賛成,賛成,賛成,賛成,投票なし,賛成,賛成,賛成,賛成,賛成,賛成,賛成,賛成,賛成,賛成,賛成,賛成,賛成,賛成,賛成,賛成,賛成,賛成,賛成,賛成,賛成,賛成,賛成,賛成,賛成,賛成
野上浩太郎,自由民主党,富山,令和10年7月25日,https://www.sangiin.go.jp/japanese/joho1/kousei/giin/profile/7001037.htm,False,0.0%,賛成,賛成,賛成,賛成,賛成,賛成,賛成,賛成,賛成,賛成,賛成,賛成,賛成,賛成,賛成,賛成,賛成,賛成,賛成,賛成,賛成,賛成,賛成,賛成,賛成,賛成,賛成,賛成,賛成,賛成,賛成,賛成,賛成,賛成,賛成,賛成,賛成,賛成,賛成,賛成,賛成,賛成,賛成,賛成,賛成,賛成,賛成,賛成,賛成,賛成,賛成,賛成,賛成,賛成,賛成,賛成,賛成,賛成,賛成,賛成,賛成,賛成,賛成,賛成,賛成,賛成,賛成,賛成,賛成,賛成,賛成,賛成,賛成,賛成,賛成,賛成,賛成,賛成,賛成,賛成,賛成,賛成,賛成,賛成,賛成,賛成,賛成,賛成,賛成,賛成,賛成,賛成,賛成,賛成,賛成,賛成,賛成,賛成,賛成,賛成,賛成,賛成,賛成,賛成,賛成,賛成,賛成,賛成,賛成,賛成,賛成,賛成,賛成,賛成,賛成,賛成,賛成,賛成,賛成,賛成,賛成,賛成,賛成,賛成,賛成,賛成,賛成,賛成,賛成,賛成,賛成,賛成,賛成,賛成,賛成,賛成
野村哲郎,自由民主党,鹿児島,令和10年7月25日,https://www.sangiin.go.jp/japanese/joho1/kousei/giin/profile/7004046.htm,False,5.1%,賛成,賛成,賛成,賛成,投票なし,投票なし,投票なし,投票なし,投票なし,投票なし,投票なし,賛成,賛成,賛成,賛成,賛成,賛成,賛成,賛成,賛成,賛成,賛成,賛成,賛成,賛成,賛成,賛成,賛成,賛成,賛成,賛成,賛成,賛成,賛成,賛成,賛成,賛成,賛成,賛成,賛成,賛成,賛成,賛成,賛成,賛成,賛成,賛成,賛成,賛成,賛成,賛成,賛成,賛成,賛成,賛成,賛成,賛成,賛成,賛成,賛成,賛成,賛成,賛成,賛成,賛成,賛成,賛成,賛成,賛成,賛成,賛成,賛成,賛成,賛成,賛成,賛成,賛成,賛成,賛成,賛成,賛成,賛成,賛成,賛成,賛成,賛成,賛成,賛成,賛成,賛成,賛成,賛成,賛成,賛成,賛成,賛成,賛成,賛成,賛成,賛成,賛成,賛成,賛成,賛成,賛成,賛成,賛成,賛成,賛成,賛成,賛成,賛成,賛成,賛成,賛成,賛成,賛成,賛成,賛成,賛成,賛成,賛成,賛成,賛成,賛成,賛成,賛成,賛成,賛成,賛成,賛成,賛成,賛成,賛成,賛成,賛成
羽生田俊,自由民主党,,,,False,1.5%,賛成,賛成,賛成,賛成,賛成,賛成,賛成,賛成,賛成,賛成,賛成,賛成,賛成,賛成,賛成,賛成,賛成,賛成,賛成,賛成,賛成,賛成,賛成,賛成,賛成,賛成,賛成,賛成,賛成,賛成,賛成,賛成,賛成,賛成,賛成,賛成,賛成,賛成,賛成,賛成,賛成,賛成,賛成,賛成,賛成,賛成,賛成,賛成,賛成,賛成,賛成,賛成,賛成,賛成,賛成,賛成,賛成,賛成,賛成,賛成,賛成,賛成,賛成,賛成,賛成,賛成,賛成,賛成,賛成,賛成,賛成,賛成,賛成,賛成,賛成,賛成,賛成,賛成,賛成,賛成,賛成,賛成,賛成,賛成,賛成,賛成,賛成,賛成,賛成,賛成,賛成,賛成,賛成,賛成,賛成,賛成,賛成,賛成,賛成,賛成,賛成,賛成,賛成,賛成,賛成,賛成,賛成,賛成,賛成,賛成,賛成,賛成,賛成,賛成,賛成,賛成,賛成,賛成,賛成,賛成,賛成,賛成,投票なし,投票なし,賛成,賛成,賛成,賛成,賛成,賛成,賛成,賛成,賛成,賛成,賛成,賛成
長谷川岳,自由民主党,北海道,令和10年7月25日,https://www.sangiin.go.jp/japanese/joho1/kousei/giin/profile/7010043.htm,False,0.0%,賛成,賛成,賛成,賛成,賛成,賛成,賛成,賛成,賛成,賛成,賛成,賛成,賛成,賛成,賛成,賛成,賛成,賛成,賛成,賛成,賛成,賛成,賛成,賛成,賛成,賛成,賛成,賛成,賛成,賛成,賛成,賛成,賛成,賛成,賛成,賛成,賛成,賛成,賛成,賛成,賛成,賛成,賛成,賛成,賛成,賛成,賛成,賛成,賛成,賛成,賛成,賛成,賛成,賛成,賛成,賛成,賛成,賛成,賛成,賛成,賛成,賛成,賛成,賛成,賛成,賛成,賛成,賛成,賛成,賛成,賛成,賛成,賛成,賛成,賛成,賛成,賛成,賛成,賛成,賛成,賛成,賛成,賛成,賛成,賛成,賛成,賛成,賛成,賛成,賛成,賛成,賛成,賛成,賛成,賛成,賛成,賛成,賛成,賛成,賛成,賛成,賛成,賛成,賛成,賛成,賛成,賛成,賛成,賛成,賛成,賛成,賛成,賛成,賛成,賛成,賛成,賛成,賛成,賛成,賛成,賛成,賛成,賛成,賛成,賛成,賛成,賛成,賛成,賛成,賛成,賛成,賛成,賛成,賛成,賛成,賛成
長谷川英晴,自由民主党,比例,令和10年7月25日,https://www.sangiin.go.jp/japanese/joho1/kousei/giin/profile/7022031.htm,False,0.0%,賛成,賛成,賛成,賛成,賛成,賛成,賛成,賛成,賛成,賛成,賛成,賛成,賛成,賛成,賛成,賛成,賛成,賛成,賛成,賛成,賛成,賛成,賛成,賛成,賛成,賛成,賛成,賛成,賛成,賛成,賛成,賛成,賛成,賛成,賛成,賛成,賛成,賛成,賛成,賛成,賛成,賛成,賛成,賛成,賛成,賛成,賛成,賛成,賛成,賛成,賛成,賛成,賛成,賛成,賛成,賛成,賛成,賛成,賛成,賛成,賛成,賛成,賛成,賛成,賛成,賛成,賛成,賛成,賛成,賛成,賛成,賛成,賛成,賛成,賛成,賛成,賛成,賛成,賛成,賛成,賛成,賛成,賛成,賛成,賛成,賛成,賛成,賛成,賛成,賛成,賛成,賛成,賛成,賛成,賛成,賛成,賛成,賛成,賛成,賛成,賛成,賛成,賛成,賛成,賛成,賛成,賛成,賛成,賛成,賛成,賛成,賛成,賛成,賛成,賛成,賛成,賛成,賛成,賛成,賛成,賛成,賛成,賛成,賛成,賛成,賛成,賛成,賛成,賛成,賛成,賛成,賛成,賛成,賛成,賛成,賛成
馬場成志,自由民主党,熊本,令和13年7月28日,https://www.sangiin.go.jp/japanese/joho1/kousei/giin/profile/7013044.htm,False,0.0%,賛成,賛成,賛成,賛成,賛成,賛成,賛成,賛成,賛成,賛成,賛成,賛成,賛成,賛成,賛成,賛成,賛成,賛成,賛成,賛成,賛成,賛成,賛成,賛成,賛成,賛成,賛成,賛成,賛成,賛成,賛成,賛成,賛成,賛成,賛成,賛成,賛成,賛成,賛成,賛成,賛成,賛成,賛成,賛成,賛成,賛成,賛成,賛成,賛成,賛成,賛成,賛成,賛成,賛成,賛成,賛成,賛成,賛成,賛成,賛成,賛成,賛成,賛成,賛成,賛成,賛成,賛成,賛成,賛成,賛成,賛成,賛成,賛成,賛成,賛成,賛成,賛成,賛成,賛成,賛成,賛成,賛成,賛成,賛成,賛成,賛成,賛成,賛成,賛成,賛成,賛成,賛成,賛成,賛成,賛成,賛成,賛成,賛成,賛成,賛成,賛成,賛成,賛成,賛成,賛成,賛成,賛成,賛成,賛成,賛成,賛成,賛成,賛成,賛成,賛成,賛成,賛成,賛成,賛成,賛成,賛成,賛成,賛成,賛成,賛成,賛成,賛成,賛成,賛成,賛成,賛成,賛成,賛成,賛成,賛成,賛成
橋本聖子,自由民主党,比例,令和13年7月28日,https://www.sangiin.go.jp/japanese/joho1/kousei/giin/profile/5995054.htm,False,22.8%,賛成,賛成,賛成,賛成,賛成,賛成,賛成,賛成,賛成,賛成,賛成,賛成,賛成,賛成,賛成,賛成,賛成,賛成,賛成,賛成,賛成,賛成,賛成,賛成,賛成,賛成,賛成,賛成,賛成,賛成,賛成,賛成,投票なし,投票なし,投票なし,投票なし,投票なし,投票なし,投票なし,投票なし,投票なし,賛成,賛成,賛成,賛成,賛成,賛成,投票なし,投票なし,投票なし,投票なし,投票なし,投票なし,投票なし,投票なし,投票なし,賛成,賛成,賛成,賛成,賛成,賛成,賛成,賛成,賛成,賛成,賛成,賛成,賛成,賛成,賛成,賛成,賛成,賛成,賛成,賛成,賛成,賛成,賛成,賛成,賛成,賛成,賛成,賛成,賛成,賛成,賛成,賛成,賛成,賛成,賛成,賛成,賛成,賛成,賛成,賛成,賛成,賛成,賛成,賛成,賛成,賛成,賛成,賛成,賛成,賛成,賛成,賛成,賛成,投票なし,投票なし,投票なし,投票なし,投票なし,投票なし,投票なし,投票なし,投票なし,投票なし,投票なし,投票なし,投票なし,賛成,賛成,賛成,賛成,賛成,賛成,賛成,賛成,賛成,賛成,賛成,賛成,賛成,賛成
比嘉奈津美,自由民主党,,,,False,0.7%,賛成,賛成,賛成,賛成,賛成,賛成,賛成,賛成,賛成,賛成,賛成,賛成,賛成,賛成,賛成,賛成,賛成,賛成,賛成,賛成,賛成,賛成,賛成,賛成,賛成,賛成,賛成,賛成,賛成,賛成,賛成,賛成,賛成,賛成,賛成,賛成,賛成,賛成,賛成,賛成,賛成,賛成,賛成,賛成,賛成,賛成,賛成,賛成,賛成,賛成,賛成,賛成,賛成,賛成,賛成,賛成,賛成,賛成,賛成,賛成,賛成,賛成,賛成,賛成,賛成,賛成,賛成,賛成,賛成,賛成,賛成,賛成,賛成,賛成,賛成,賛成,賛成,賛成,賛成,賛成,賛成,賛成,賛成,賛成,賛成,賛成,賛成,賛成,賛成,賛成,賛成,賛成,賛成,賛成,賛成,賛成,賛成,賛成,賛成,賛成,賛成,賛成,賛成,投票なし,賛成,賛成,賛成,賛成,賛成,賛成,賛成,賛成,賛成,賛成,賛成,賛成,賛成,賛成,賛成,賛成,賛成,賛成,賛成,賛成,賛成,賛成,賛成,賛成,賛成,賛成,賛成,賛成,賛成,賛成,賛成,賛成
福岡資麿,自由民主党,佐賀,令和10年7月25日,https://www.sangiin.go.jp/japanese/joho1/kousei/giin/profile/7010045.htm,False,44.9%,賛成,賛成,賛成,投票なし,賛成,賛成,賛成,賛成,賛成,賛成,投票なし,賛成,賛成,賛成,賛成,賛成,賛成,賛成,投票なし,投票なし,投票なし,投票なし,投票なし,賛成,賛成,投票なし,賛成,賛成,投票なし,投票なし,投票なし,投票なし,投票なし,賛成,賛成,賛成,賛成,賛成,賛成,賛成,賛成,投票なし,投票なし,投票なし,投票なし,投票なし,投票なし,投票なし,投票なし,投票なし,投票なし,投票なし,投票なし,投票なし,投票なし,投票なし,投票なし,投票なし,投票なし,投票なし,投票なし,投票なし,投票なし,投票なし,投票なし,投票なし,賛成,賛成,賛成,賛成,賛成,賛成,賛成,賛成,賛成,投票なし,投票なし,投票なし,投票なし,投票なし,投票なし,投票なし,賛成,賛成,賛成,投票なし,賛成,賛成,賛成,投票なし,賛成,賛成,投票なし,投票なし,投票なし,賛成,賛成,賛成,賛成,賛成,賛成,賛成,賛成,賛成,賛成,賛成,賛成,賛成,投票なし,投票なし,投票なし,投票なし,投票なし,投票なし,投票なし,投票なし,投票なし,賛成,賛成,賛成,賛成,賛成,投票なし,投票なし,賛成,賛成,賛成,賛成,賛成,賛成,賛成,賛成,賛成,賛成,賛成,賛成
藤井一博,自由民主党,比例,令和10年7月25日,https://www.sangiin.go.jp/japanese/joho1/kousei/giin/profile/7022033.htm,False,0.0%,賛成,賛成,賛成,賛成,賛成,賛成,賛成,賛成,賛成,賛成,賛成,賛成,賛成,賛成,賛成,賛成,賛成,賛成,賛成,賛成,賛成,賛成,賛成,賛成,賛成,賛成,賛成,賛成,賛成,賛成,賛成,賛成,賛成,賛成,賛成,賛成,賛成,賛成,賛成,賛成,賛成,賛成,賛成,賛成,賛成,賛成,賛成,賛成,賛成,賛成,賛成,賛成,賛成,賛成,賛成,賛成,賛成,賛成,賛成,賛成,賛成,賛成,賛成,賛成,賛成,賛成,賛成,賛成,賛成,賛成,賛成,賛成,賛成,賛成,賛成,賛成,賛成,賛成,賛成,賛成,賛成,賛成,賛成,賛成,賛成,賛成,賛成,賛成,賛成,賛成,賛成,賛成,賛成,賛成,賛成,賛成,賛成,賛成,賛成,賛成,賛成,賛成,賛成,賛成,賛成,賛成,賛成,賛成,賛成,賛成,賛成,賛成,賛成,賛成,賛成,賛成,賛成,賛成,賛成,賛成,賛成,賛成,賛成,賛成,賛成,賛成,賛成,賛成,賛成,賛成,賛成,賛成,賛成,賛成,賛成,賛成
藤川政人,自由民主党,愛知,令和10年7月25日,https://www.sangiin.go.jp/japanese/joho1/kousei/giin/profile/7010046.htm,False,0.0%,賛成,賛成,賛成,賛成,賛成,賛成,賛成,賛成,賛成,賛成,賛成,賛成,賛成,賛成,賛成,賛成,賛成,賛成,賛成,賛成,賛成,賛成,賛成,賛成,賛成,賛成,賛成,賛成,賛成,賛成,賛成,賛成,賛成,賛成,賛成,賛成,賛成,賛成,賛成,賛成,賛成,賛成,賛成,賛成,賛成,賛成,賛成,賛成,賛成,賛成,賛成,賛成,賛成,賛成,賛成,賛成,賛成,賛成,賛成,賛成,賛成,賛成,賛成,賛成,賛成,賛成,賛成,賛成,賛成,賛成,賛成,賛成,賛成,賛成,賛成,賛成,賛成,賛成,賛成,賛成,賛成,賛成,賛成,賛成,賛成,賛成,賛成,賛成,賛成,賛成,賛成,賛成,賛成,賛成,賛成,賛成,賛成,賛成,賛成,賛成,賛成,賛成,賛成,賛成,賛成,賛成,賛成,賛成,賛成,賛成,賛成,賛成,賛成,賛成,賛成,賛成,賛成,賛成,賛成,賛成,賛成,賛成,賛成,賛成,賛成,賛成,賛成,賛成,賛成,賛成,賛成,賛成,賛成,賛成,賛成,賛成
藤木眞也,自由民主党,比例,令和10年7月25日,https://www.sangiin.go.jp/japanese/joho1/kousei/giin/profile/7016034.htm,False,0.0%,賛成,賛成,賛成,賛成,賛成,賛成,賛成,賛成,賛成,賛成,賛成,賛成,賛成,賛成,賛成,賛成,賛成,賛成,賛成,賛成,賛成,賛成,賛成,賛成,賛成,賛成,賛成,賛成,賛成,賛成,賛成,賛成,賛成,賛成,賛成,賛成,賛成,賛成,賛成,賛成,賛成,賛成,賛成,賛成,賛成,賛成,賛成,賛成,賛成,賛成,賛成,賛成,賛成,賛成,賛成,賛成,賛成,賛成,賛成,賛成,賛成,賛成,賛成,賛成,賛成,賛成,賛成,賛成,賛成,賛成,賛成,賛成,賛成,賛成,賛成,賛成,賛成,賛成,賛成,賛成,賛成,賛成,賛成,賛成,賛成,賛成,賛成,賛成,賛成,賛成,賛成,賛成,賛成,賛成,賛成,賛成,賛成,賛成,賛成,賛成,賛成,賛成,賛成,賛成,賛成,賛成,賛成,賛成,賛成,賛成,賛成,賛成,賛成,賛成,賛成,賛成,賛成,賛成,賛成,賛成,賛成,賛成,賛成,賛成,賛成,賛成,賛成,賛成,賛成,賛成,賛成,賛成,賛成,賛成,賛成,賛成
船橋利実,自由民主党,北海道,令和10年7月25日,https://www.sangiin.go.jp/japanese/joho1/kousei/giin/profile/7022034.htm,False,0.0%,賛成,賛成,賛成,賛成,賛成,賛成,賛成,賛成,賛成,賛成,賛成,賛成,賛成,賛成,賛成,賛成,賛成,賛成,賛成,賛成,賛成,賛成,賛成,賛成,賛成,賛成,賛成,賛成,賛成,賛成,賛成,賛成,賛成,賛成,賛成,賛成,賛成,賛成,賛成,賛成,賛成,賛成,賛成,賛成,賛成,賛成,賛成,賛成,賛成,賛成,賛成,賛成,賛成,賛成,賛成,賛成,賛成,賛成,賛成,賛成,賛成,賛成,賛成,賛成,賛成,賛成,賛成,賛成,賛成,賛成,賛成,賛成,賛成,賛成,賛成,賛成,賛成,賛成,賛成,賛成,賛成,賛成,賛成,賛成,賛成,賛成,賛成,賛成,賛成,賛成,賛成,賛成,賛成,賛成,賛成,賛成,賛成,賛成,賛成,賛成,賛成,賛成,賛成,賛成,賛成,賛成,賛成,賛成,賛成,賛成,賛成,賛成,賛成,賛成,賛成,賛成,賛成,賛成,賛成,賛成,賛成,賛成,賛成,賛成,賛成,賛成,賛成,賛成,賛成,賛成,賛成,賛成,賛成,賛成,賛成,賛成
古川俊治,自由民主党,埼玉,令和13年7月28日,https://www.sangiin.go.jp/japanese/joho1/kousei/giin/profile/7007053.htm,False,8.1%,賛成,賛成,賛成,賛成,賛成,賛成,賛成,賛成,賛成,賛成,賛成,賛成,賛成,賛成,賛成,賛成,賛成,賛成,投票なし,投票なし,投票なし,投票なし,投票なし,賛成,賛成,賛成,賛成,賛成,賛成,賛成,賛成,賛成,賛成,賛成,賛成,賛成,賛成,賛成,賛成,賛成,賛成,賛成,賛成,賛成,賛成,賛成,賛成,賛成,賛成,賛成,賛成,賛成,賛成,賛成,賛成,賛成,賛成,賛成,投票なし,投票なし,投票なし,投票なし,投票なし,投票なし,賛成,賛成,賛成,賛成,賛成,賛成,賛成,賛成,賛成,賛成,賛成,賛成,賛成,賛成,賛成,賛成,賛成,賛成,賛成,賛成,賛成,賛成,賛成,賛成,賛成,賛成,賛成,賛成,賛成,賛成,賛成,賛成,賛成,賛成,賛成,賛成,賛成,賛成,賛成,賛成,賛成,賛成,賛成,賛成,賛成,賛成,賛成,賛成,賛成,賛成,賛成,賛成,賛成,賛成,賛成,賛成,賛成,賛成,賛成,賛成,賛成,賛成,賛成,賛成,賛成,賛成,賛成,賛成,賛成,賛成,賛成,賛成
星北斗,自由民主党,福島,令和10年7月25日,https://www.sangiin.go.jp/japanese/joho1/kousei/giin/profile/7022035.htm,False,0.0%,賛成,賛成,賛成,賛成,賛成,賛成,賛成,賛成,賛成,賛成,賛成,賛成,賛成,賛成,賛成,賛成,賛成,賛成,賛成,賛成,賛成,賛成,賛成,賛成,賛成,賛成,賛成,賛成,賛成,賛成,賛成,賛成,賛成,賛成,賛成,賛成,賛成,賛成,賛成,賛成,賛成,賛成,賛成,賛成,賛成,賛成,賛成,賛成,賛成,賛成,賛成,賛成,賛成,賛成,賛成,賛成,賛成,賛成,賛成,賛成,賛成,賛成,賛成,賛成,賛成,賛成,賛成,賛成,賛成,賛成,賛成,賛成,賛成,賛成,賛成,賛成,賛成,賛成,賛成,賛成,賛成,賛成,賛成,賛成,賛成,賛成,賛成,賛成,賛成,賛成,賛成,賛成,賛成,賛成,賛成,賛成,賛成,賛成,賛成,賛成,賛成,賛成,賛成,賛成,賛成,賛成,賛成,賛成,賛成,賛成,賛成,賛成,賛成,賛成,賛成,賛成,賛成,賛成,賛成,賛成,賛成,賛成,賛成,賛成,賛成,賛成,賛成,賛成,賛成,賛成,賛成,賛成,賛成,賛成,賛成,賛成
堀井巌,自由民主党,奈良,令和13年7月28日,https://www.sangiin.go.jp/japanese/joho1/kousei/giin/profile/7013048.htm,False,0.0%,賛成,賛成,賛成,賛成,賛成,賛成,賛成,賛成,賛成,賛成,賛成,賛成,賛成,賛成,賛成,賛成,賛成,賛成,賛成,賛成,賛成,賛成,賛成,賛成,賛成,賛成,賛成,賛成,賛成,賛成,賛成,賛成,賛成,賛成,賛成,賛成,賛成,賛成,賛成,賛成,賛成,賛成,賛成,賛成,賛成,賛成,賛成,賛成,賛成,賛成,賛成,賛成,賛成,賛成,賛成,賛成,賛成,賛成,賛成,賛成,賛成,賛成,賛成,賛成,賛成,賛成,賛成,賛成,賛成,賛成,賛成,賛成,賛成,賛成,賛成,賛成,賛成,賛成,賛成,賛成,賛成,賛成,賛成,賛成,賛成,賛成,賛成,賛成,賛成,賛成,賛成,賛成,賛成,賛成,賛成,賛成,賛成,賛成,賛成,賛成,賛成,賛成,賛成,賛成,賛成,賛成,賛成,賛成,賛成,賛成,賛成,賛成,賛成,賛成,賛成,賛成,賛成,賛成,賛成,賛成,賛成,賛成,賛成,賛成,賛成,賛成,賛成,賛成,賛成,賛成,賛成,賛成,賛成,賛成,賛成,賛成
本田顕子,自由民主党,比例,令和13年7月28日,https://www.sangiin.go.jp/japanese/joho1/kousei/giin/profile/7019034.htm,False,0.0%,賛成,賛成,賛成,賛成,賛成,賛成,賛成,賛成,賛成,賛成,賛成,賛成,賛成,賛成,賛成,賛成,賛成,賛成,賛成,賛成,賛成,賛成,賛成,賛成,賛成,賛成,賛成,賛成,賛成,賛成,賛成,賛成,賛成,賛成,賛成,賛成,賛成,賛成,賛成,賛成,賛成,賛成,賛成,賛成,賛成,賛成,賛成,賛成,賛成,賛成,賛成,賛成,賛成,賛成,賛成,賛成,賛成,賛成,賛成,賛成,賛成,賛成,賛成,賛成,賛成,賛成,賛成,賛成,賛成,賛成,賛成,賛成,賛成,賛成,賛成,賛成,賛成,賛成,賛成,賛成,賛成,賛成,賛成,賛成,賛成,賛成,賛成,賛成,賛成,賛成,賛成,賛成,賛成,賛成,賛成,賛成,賛成,賛成,賛成,賛成,賛成,賛成,賛成,賛成,賛成,賛成,賛成,賛成,賛成,賛成,賛成,賛成,賛成,賛成,賛成,賛成,賛成,賛成,賛成,賛成,賛成,賛成,賛成,賛成,賛成,賛成,賛成,賛成,賛成,賛成,賛成,賛成,賛成,賛成,賛成,賛成
舞立昇治,自由民主党,比例,令和13年7月28日,https://www.sangiin.go.jp/japanese/joho1/kousei/giin/profile/7013049.htm,False,0.0%,賛成,賛成,賛成,賛成,賛成,賛成,賛成,賛成,賛成,賛成,賛成,賛成,賛成,賛成,賛成,賛成,賛成,賛成,賛成,賛成,賛成,賛成,賛成,賛成,賛成,賛成,賛成,賛成,賛成,賛成,賛成,賛成,賛成,賛成,賛成,賛成,賛成,賛成,賛成,賛成,賛成,賛成,賛成,賛成,賛成,賛成,賛成,賛成,賛成,賛成,賛成,賛成,賛成,賛成,賛成,賛成,賛成,賛成,賛成,賛成,賛成,賛成,賛成,賛成,賛成,賛成,賛成,賛成,賛成,賛成,賛成,賛成,賛成,賛成,賛成,賛成,賛成,賛成,賛成,賛成,賛成,賛成,賛成,賛成,賛成,賛成,賛成,賛成,賛成,賛成,賛成,賛成,賛成,賛成,賛成,賛成,賛成,賛成,賛成,賛成,賛成,賛成,賛成,賛成,賛成,賛成,賛成,賛成,賛成,賛成,賛成,賛成,賛成,賛成,賛成,賛成,賛成,賛成,賛成,賛成,賛成,賛成,賛成,賛成,賛成,賛成,賛成,賛成,賛成,賛成,賛成,賛成,賛成,賛成,賛成,賛成
牧野たかお,自由民主党,静岡,令和13年7月28日,https://www.sangiin.go.jp/japanese/joho1/kousei/giin/profile/7007054.htm,False,0.0%,賛成,賛成,賛成,賛成,賛成,賛成,賛成,賛成,賛成,賛成,賛成,賛成,賛成,賛成,賛成,賛成,賛成,賛成,賛成,賛成,賛成,賛成,賛成,賛成,賛成,賛成,賛成,賛成,賛成,賛成,賛成,賛成,賛成,賛成,賛成,賛成,賛成,賛成,賛成,賛成,賛成,賛成,賛成,賛成,賛成,賛成,賛成,賛成,賛成,賛成,賛成,賛成,賛成,賛成,賛成,賛成,賛成,賛成,賛成,賛成,賛成,賛成,賛成,賛成,賛成,賛成,賛成,賛成,賛成,賛成,賛成,賛成,賛成,賛成,賛成,賛成,賛成,賛成,賛成,賛成,賛成,賛成,賛成,賛成,賛成,賛成,賛成,賛成,賛成,賛成,賛成,賛成,賛成,賛成,賛成,賛成,賛成,賛成,賛成,賛成,賛成,賛成,賛成,賛成,賛成,賛成,賛成,賛成,賛成,賛成,賛成,賛成,賛成,賛成,賛成,賛成,賛成,賛成,賛成,賛成,賛成,賛成,賛成,賛成,賛成,賛成,賛成,賛成,賛成,賛成,賛成,賛成,賛成,賛成,賛成,賛成
松川るい,自由民主党,大阪,令和10年7月25日,https://www.sangiin.go.jp/japanese/joho1/kousei/giin/profile/7016035.htm,False,2.2%,賛成,賛成,賛成,賛成,賛成,賛成,賛成,賛成,賛成,賛成,賛成,賛成,投票なし,賛成,賛成,賛成,賛成,賛成,賛成,賛成,賛成,賛成,賛成,賛成,賛成,賛成,賛成,賛成,賛成,賛成,賛成,賛成,賛成,賛成,賛成,賛成,賛成,賛成,賛成,賛成,賛成,賛成,賛成,賛成,賛成,賛成,賛成,賛成,賛成,賛成,賛成,賛成,賛成,賛成,賛成,賛成,賛成,賛成,賛成,賛成,賛成,賛成,賛成,賛成,賛成,賛成,賛成,賛成,賛成,賛成,賛成,賛成,賛成,賛成,賛成,賛成,賛成,賛成,賛成,賛成,賛成,賛成,賛成,賛成,賛成,賛成,賛成,賛成,賛成,賛成,賛成,賛成,賛成,賛成,賛成,賛成,賛成,賛成,賛成,賛成,賛成,賛成,賛成,賛成,賛成,賛成,賛成,賛成,賛成,賛成,賛成,賛成,賛成,賛成,賛成,賛成,賛成,賛成,賛成,賛成,賛成,賛成,投票なし,投票なし,賛成,賛成,賛成,賛成,賛成,賛成,賛成,賛成,賛成,賛成,賛成,賛成
松下新平,自由民主党,宮崎,令和10年7月25日,https://www.sangiin.go.jp/japanese/joho1/kousei/giin/profile/7004056.htm,False,0.0%,賛成,賛成,賛成,賛成,賛成,賛成,賛成,賛成,賛成,賛成,賛成,賛成,賛成,賛成,賛成,賛成,賛成,賛成,賛成,賛成,賛成,賛成,賛成,賛成,賛成,賛成,賛成,賛成,賛成,賛成,賛成,賛成,賛成,賛成,賛成,賛成,賛成,賛成,賛成,賛成,賛成,賛成,賛成,賛成,賛成,賛成,賛成,賛成,賛成,賛成,賛成,賛成,賛成,賛成,賛成,賛成,賛成,賛成,賛成,賛成,賛成,賛成,賛成,賛成,賛成,賛成,賛成,賛成,賛成,賛成,賛成,賛成,賛成,賛成,賛成,賛成,賛成,賛成,賛成,賛成,賛成,賛成,賛成,賛成,賛成,賛成,賛成,賛成,賛成,賛成,賛成,賛成,賛成,賛成,賛成,賛成,賛成,賛成,賛成,賛成,賛成,賛成,賛成,賛成,賛成,賛成,賛成,賛成,賛成,賛成,賛成,賛成,賛成,賛成,賛成,賛成,賛成,賛成,賛成,賛成,賛成,賛成,賛成,賛成,賛成,賛成,賛成,賛成,賛成,賛成,賛成,賛成,賛成,賛成,賛成,賛成
松村祥史,自由民主党,熊本,令和10年7月25日,https://www.sangiin.go.jp/japanese/joho1/kousei/giin/profile/7004057.htm,False,0.0%,賛成,賛成,賛成,賛成,賛成,賛成,賛成,賛成,賛成,賛成,賛成,賛成,賛成,賛成,賛成,賛成,賛成,賛成,賛成,賛成,賛成,賛成,賛成,賛成,賛成,賛成,賛成,賛成,賛成,賛成,賛成,賛成,賛成,賛成,賛成,賛成,賛成,賛成,賛成,賛成,賛成,賛成,賛成,賛成,賛成,賛成,賛成,賛成,賛成,賛成,賛成,賛成,賛成,賛成,賛成,賛成,賛成,賛成,賛成,賛成,賛成,賛成,賛成,賛成,賛成,賛成,賛成,賛成,賛成,賛成,賛成,賛成,賛成,賛成,賛成,賛成,賛成,賛成,賛成,賛成,賛成,賛成,賛成,賛成,賛成,賛成,賛成,賛成,賛成,賛成,賛成,賛成,賛成,賛成,賛成,賛成,賛成,賛成,賛成,賛成,賛成,賛成,賛成,賛成,賛成,賛成,賛成,賛成,賛成,賛成,賛成,賛成,賛成,賛成,賛成,賛成,賛成,賛成,賛成,賛成,賛成,賛成,賛成,賛成,賛成,賛成,賛成,賛成,賛成,賛成,賛成,賛成,賛成,賛成,賛成,賛成
松山政司,自由民主党,福岡,令和13年7月28日,https://www.sangiin.go.jp/japanese/joho1/kousei/giin/profile/7001046.htm,False,0.7%,賛成,賛成,賛成,賛成,賛成,賛成,賛成,賛成,賛成,賛成,賛成,賛成,賛成,賛成,賛成,賛成,賛成,賛成,賛成,賛成,賛成,賛成,賛成,賛成,賛成,賛成,賛成,賛成,賛成,賛成,賛成,賛成,賛成,投票なし,賛成,賛成,賛成,賛成,賛成,賛成,賛成,賛成,賛成,賛成,賛成,賛成,賛成,賛成,賛成,賛成,賛成,賛成,賛成,賛成,賛成,賛成,賛成,賛成,賛成,賛成,賛成,賛成,賛成,賛成,賛成,賛成,賛成,賛成,賛成,賛成,賛成,賛成,賛成,賛成,賛成,賛成,賛成,賛成,賛成,賛成,賛成,賛成,賛成,賛成,賛成,賛成,賛成,賛成,賛成,賛成,賛成,賛成,賛成,賛成,賛成,賛成,賛成,賛成,賛成,賛成,賛成,賛成,賛成,賛成,賛成,賛成,賛成,賛成,賛成,賛成,賛成,賛成,賛成,賛成,賛成,賛成,賛成,賛成,賛成,賛成,賛成,賛成,賛成,賛成,賛成,賛成,賛成,賛成,賛成,賛成,賛成,賛成,賛成,賛成,賛成,賛成
三浦靖,自由民主党,,,,False,0.0%,賛成,賛成,賛成,賛成,賛成,賛成,賛成,賛成,賛成,賛成,賛成,賛成,賛成,賛成,賛成,賛成,賛成,賛成,賛成,賛成,賛成,賛成,賛成,賛成,賛成,賛成,賛成,賛成,賛成,賛成,賛成,賛成,賛成,賛成,賛成,賛成,賛成,賛成,賛成,賛成,賛成,賛成,賛成,賛成,賛成,賛成,賛成,賛成,賛成,賛成,賛成,賛成,賛成,賛成,賛成,賛成,賛成,賛成,賛成,賛成,賛成,賛成,賛成,賛成,賛成,賛成,賛成,賛成,賛成,賛成,賛成,賛成,賛成,賛成,賛成,賛成,賛成,賛成,賛成,賛成,賛成,賛成,賛成,賛成,賛成,賛成,賛成,賛成,賛成,賛成,賛成,賛成,賛成,賛成,賛成,賛成,賛成,賛成,賛成,賛成,賛成,賛成,賛成,賛成,賛成,賛成,賛成,賛成,賛成,賛成,賛成,賛成,賛成,賛成,賛成,賛成,賛成,賛成,賛成,賛成,賛成,賛成,賛成,賛成,賛成,賛成,賛成,賛成,賛成,賛成,賛成,賛成,賛成,賛成,賛成,賛成
三原じゅん子,自由民主党,神奈川,令和10年7月25日,https://www.sangiin.go.jp/japanese/joho1/kousei/giin/profile/7010048.htm,False,12.5%,投票なし,投票なし,賛成,賛成,賛成,賛成,賛成,投票なし,投票なし,賛成,賛成,投票なし,投票なし,投票なし,投票なし,投票なし,投票なし,投票なし,賛成,賛成,賛成,賛成,投票なし,賛成,賛成,賛成,賛成,賛成,賛成,賛成,賛成,賛成,投票なし,賛成,賛成,賛成,賛成,賛成,賛成,賛成,賛成,賛成,賛成,賛成,賛成,賛成,賛成,賛成,賛成,賛成,賛成,賛成,賛成,賛成,賛成,賛成,賛成,賛成,賛成,賛成,賛成,賛成,賛成,賛成,賛成,賛成,賛成,賛成,賛成,賛成,賛成,投票なし,賛成,賛成,賛成,賛成,賛成,賛成,賛成,賛成,賛成,賛成,賛成,投票なし,賛成,賛成,賛成,賛成,賛成,賛成,賛成,賛成,賛成,賛成,賛成,賛成,賛成,賛成,賛成,賛成,賛成,賛成,賛成,賛成,賛成,賛成,賛成,賛成,賛成,賛成,賛成,賛成,賛成,賛成,賛成,賛成,賛成,賛成,賛成,賛成,賛成,賛成,投票なし,投票なし,賛成,賛成,賛成,賛成,賛成,賛成,賛成,賛成,賛成,賛成,賛成,賛成
三宅伸吾,自由民主党,,,,False,0.0%,賛成,賛成,賛成,賛成,賛成,賛成,賛成,賛成,賛成,賛成,賛成,賛成,賛成,賛成,賛成,賛成,賛成,賛成,賛成,賛成,賛成,賛成,賛成,賛成,賛成,賛成,賛成,賛成,賛成,賛成,賛成,賛成,賛成,賛成,賛成,賛成,賛成,賛成,賛成,賛成,賛成,賛成,賛成,賛成,賛成,賛成,賛成,賛成,賛成,賛成,賛成,賛成,賛成,賛成,賛成,賛成,賛成,賛成,賛成,賛成,賛成,賛成,賛成,賛成,賛成,賛成,賛成,賛成,賛成,賛成,賛成,賛成,賛成,賛成,賛成,賛成,賛成,賛成,賛成,賛成,賛成,賛成,賛成,賛成,賛成,賛成,賛成,賛成,賛成,賛成,賛成,賛成,賛成,賛成,賛成,賛成,賛成,賛成,賛成,賛成,賛成,賛成,賛成,賛成,賛成,賛成,賛成,賛成,賛成,賛成,賛成,賛成,賛成,賛成,賛成,賛成,賛成,賛成,賛成,賛成,賛成,賛成,賛成,賛成,賛成,賛成,賛成,賛成,賛成,賛成,賛成,賛成,賛成,賛成,賛成,賛成
宮崎雅夫,自由民主党,,,,False,0.0%,賛成,賛成,賛成,賛成,賛成,賛成,賛成,賛成,賛成,賛成,賛成,賛成,賛成,賛成,賛成,賛成,賛成,賛成,賛成,賛成,賛成,賛成,賛成,賛成,賛成,賛成,賛成,賛成,賛成,賛成,賛成,賛成,賛成,賛成,賛成,賛成,賛成,賛成,賛成,賛成,賛成,賛成,賛成,賛成,賛成,賛成,賛成,賛成,賛成,賛成,賛成,賛成,賛成,賛成,賛成,賛成,賛成,賛成,賛成,賛成,賛成,賛成,賛成,賛成,賛成,賛成,賛成,賛成,賛成,賛成,賛成,賛成,賛成,賛成,賛成,賛成,賛成,賛成,賛成,賛成,賛成,賛成,賛成,賛成,賛成,賛成,賛成,賛成,賛成,賛成,賛成,賛成,賛成,賛成,賛成,賛成,賛成,賛成,賛成,賛成,賛成,賛成,賛成,賛成,賛成,賛成,賛成,賛成,賛成,賛成,賛成,賛成,賛成,賛成,賛成,賛成,賛成,賛成,賛成,賛成,賛成,賛成,賛成,賛成,賛成,賛成,賛成,賛成,賛成,賛成,賛成,賛成,賛成,賛成,賛成,賛成
宮沢洋一,自由民主党,広島,令和10年7月25日,https://www.sangiin.go.jp/japanese/joho1/kousei/giin/profile/7010050.htm,False,0.0%,賛成,賛成,賛成,賛成,賛成,賛成,賛成,賛成,賛成,賛成,賛成,賛成,賛成,賛成,賛成,賛成,賛成,賛成,賛成,賛成,賛成,賛成,賛成,賛成,賛成,賛成,賛成,賛成,賛成,賛成,賛成,賛成,賛成,賛成,賛成,賛成,賛成,賛成,賛成,賛成,賛成,賛成,賛成,賛成,賛成,賛成,賛成,賛成,賛成,賛成,賛成,賛成,賛成,賛成,賛成,賛成,賛成,賛成,賛成,賛成,賛成,賛成,賛成,賛成,賛成,賛成,賛成,賛成,賛成,賛成,賛成,賛成,賛成,賛成,賛成,賛成,賛成,賛成,賛成,賛成,賛成,賛成,賛成,賛成,賛成,賛成,賛成,賛成,賛成,賛成,賛成,賛成,賛成,賛成,賛成,賛成,賛成,賛成,賛成,賛成,賛成,賛成,賛成,賛成,賛成,賛成,賛成,賛成,賛成,賛成,賛成,賛成,賛成,賛成,賛成,賛成,賛成,賛成,賛成,賛成,賛成,賛成,賛成,賛成,賛成,賛成,賛成,賛成,賛成,賛成,賛成,賛成,賛成,賛成,賛成,賛成
宮本周司,自由民主党,石川,令和13年7月28日,https://www.sangiin.go.jp/japanese/joho1/kousei/giin/profile/7013053.htm,False,0.0%,賛成,賛成,賛成,賛成,賛成,賛成,賛成,賛成,賛成,賛成,賛成,賛成,賛成,賛成,賛成,賛成,賛成,賛成,賛成,賛成,賛成,賛成,賛成,賛成,賛成,賛成,賛成,賛成,賛成,賛成,賛成,賛成,賛成,賛成,賛成,賛成,賛成,賛成,賛成,賛成,賛成,賛成,賛成,賛成,賛成,賛成,賛成,賛成,賛成,賛成,賛成,賛成,賛成,賛成,賛成,賛成,賛成,賛成,賛成,賛成,賛成,賛成,賛成,賛成,賛成,賛成,賛成,賛成,賛成,賛成,賛成,賛成,賛成,賛成,賛成,賛成,賛成,賛成,賛成,賛成,賛成,賛成,賛成,賛成,賛成,賛成,賛成,賛成,賛成,賛成,賛成,賛成,賛成,賛成,賛成,賛成,賛成,賛成,賛成,賛成,賛成,賛成,賛成,賛成,賛成,賛成,賛成,賛成,賛成,賛成,賛成,賛成,賛成,賛成,賛成,賛成,賛成,賛成,賛成,賛成,賛成,賛成,賛成,賛成,賛成,賛成,賛成,賛成,賛成,賛成,賛成,賛成,賛成,賛成,賛成,賛成
森まさこ,自由民主党,福島,令和13年7月28日,https://www.sangiin.go.jp/japanese/joho1/kousei/giin/profile/7007061.htm,False,0.0%,賛成,賛成,賛成,賛成,賛成,賛成,賛成,賛成,賛成,賛成,賛成,賛成,賛成,賛成,賛成,賛成,賛成,賛成,賛成,賛成,賛成,賛成,賛成,賛成,賛成,賛成,賛成,賛成,賛成,賛成,賛成,賛成,賛成,賛成,賛成,賛成,賛成,賛成,賛成,賛成,賛成,賛成,賛成,賛成,賛成,賛成,賛成,賛成,賛成,賛成,賛成,賛成,賛成,賛成,賛成,賛成,賛成,賛成,賛成,賛成,賛成,賛成,賛成,賛成,賛成,賛成,賛成,賛成,賛成,賛成,賛成,賛成,賛成,賛成,賛成,賛成,賛成,賛成,賛成,賛成,賛成,賛成,賛成,賛成,賛成,賛成,賛成,賛成,賛成,賛成,賛成,賛成,賛成,賛成,賛成,賛成,賛成,賛成,賛成,賛成,賛成,賛成,賛成,賛成,賛成,賛成,賛成,賛成,賛成,賛成,賛成,賛成,賛成,賛成,賛成,賛成,賛成,賛成,賛成,賛成,賛成,賛成,賛成,賛成,賛成,賛成,賛成,賛成,賛成,賛成,賛成,賛成,賛成,賛成,賛成,賛成
森屋宏,自由民主党,,,,False,0.0%,賛成,賛成,賛成,賛成,賛成,賛成,賛成,賛成,賛成,賛成,賛成,賛成,賛成,賛成,賛成,賛成,賛成,賛成,賛成,賛成,賛成,賛成,賛成,賛成,賛成,賛成,賛成,賛成,賛成,賛成,賛成,賛成,賛成,賛成,賛成,賛成,賛成,賛成,賛成,賛成,賛成,賛成,賛成,賛成,賛成,賛成,賛成,賛成,賛成,賛成,賛成,賛成,賛成,賛成,賛成,賛成,賛成,賛成,賛成,賛成,賛成,賛成,賛成,賛成,賛成,賛成,賛成,賛成,賛成,賛成,賛成,賛成,賛成,賛成,賛成,賛成,賛成,賛成,賛成,賛成,賛成,賛成,賛成,賛成,賛成,賛成,賛成,賛成,賛成,賛成,賛成,賛成,賛成,賛成,賛成,賛成,賛成,賛成,賛成,賛成,賛成,賛成,賛成,賛成,賛成,賛成,賛成,賛成,賛成,賛成,賛成,賛成,賛成,賛成,賛成,賛成,賛成,賛成,賛成,賛成,賛成,賛成,賛成,賛成,賛成,賛成,賛成,賛成,賛成,賛成,賛成,賛成,賛成,賛成,賛成,賛成
山崎正昭,自由民主党,福井,令和10年7月25日,https://www.sangiin.go.jp/japanese/joho1/kousei/giin/profile/5992051.htm,False,40.4%,賛成,賛成,賛成,賛成,賛成,賛成,賛成,賛成,賛成,賛成,賛成,投票なし,投票なし,投票なし,投票なし,投票なし,投票なし,投票なし,賛成,賛成,賛成,賛成,賛成,賛成,賛成,賛成,賛成,賛成,賛成,賛成,賛成,賛成,賛成,賛成,賛成,賛成,賛成,賛成,賛成,賛成,賛成,賛成,賛成,賛成,賛成,賛成,賛成,賛成,賛成,賛成,賛成,賛成,賛成,賛成,賛成,賛成,賛成,賛成,賛成,賛成,賛成,賛成,賛成,賛成,賛成,賛成,賛成,賛成,賛成,賛成,賛成,賛成,賛成,賛成,賛成,賛成,賛成,賛成,賛成,賛成,賛成,賛成,賛成,賛成,賛成,賛成,賛成,賛成,投票なし,投票なし,投票なし,投票なし,投票なし,投票なし,投票なし,投票なし,投票なし,投票なし,投票なし,投票なし,投票なし,投票なし,投票なし,投票なし,投票なし,投票なし,投票なし,投票なし,投票なし,投票なし,投票なし,投票なし,投票なし,投票なし,投票なし,投票なし,投票なし,投票なし,投票なし,投票なし,投票なし,投票なし,投票なし,投票なし,投票なし,投票なし,投票なし,投票なし,投票なし,投票なし,投票なし,投票なし,投票なし,投票なし,投票なし,投票なし
山下雄平,自由民主党,佐賀,令和13年7月28日,https://www.sangiin.go.jp/japanese/joho1/kousei/giin/profile/7013060.htm,False,0.0%,賛成,賛成,賛成,賛成,賛成,賛成,賛成,賛成,賛成,賛成,賛成,賛成,賛成,賛成,賛成,賛成,賛成,賛成,賛成,賛成,賛成,賛成,賛成,賛成,賛成,賛成,賛成,賛成,賛成,賛成,賛成,賛成,賛成,賛成,賛成,賛成,賛成,賛成,賛成,賛成,賛成,賛成,賛成,賛成,賛成,賛成,賛成,賛成,賛成,賛成,賛成,賛成,賛成,賛成,賛成,賛成,賛成,賛成,賛成,賛成,賛成,賛成,賛成,賛成,賛成,賛成,賛成,賛成,賛成,賛成,賛成,賛成,賛成,賛成,賛成,賛成,賛成,賛成,賛成,賛成,賛成,賛成,賛成,賛成,賛成,賛成,賛成,賛成,賛成,賛成,賛成,賛成,賛成,賛成,賛成,賛成,賛成,賛成,賛成,賛成,賛成,賛成,賛成,賛成,賛成,賛成,賛成,賛成,賛成,賛成,賛成,賛成,賛成,賛成,賛成,賛成,賛成,賛成,賛成,賛成,賛成,賛成,賛成,賛成,賛成,賛成,賛成,賛成,賛成,賛成,賛成,賛成,賛成,賛成,賛成,賛成
山田太郎,自由民主党,比例,令和13年7月28日,https://www.sangiin.go.jp/japanese/joho1/kousei/giin/profile/7012005.htm,False,0.0%,賛成,賛成,賛成,賛成,賛成,賛成,賛成,賛成,賛成,賛成,賛成,賛成,賛成,賛成,賛成,賛成,賛成,賛成,賛成,賛成,賛成,賛成,賛成,賛成,賛成,賛成,賛成,賛成,賛成,賛成,賛成,賛成,賛成,賛成,賛成,賛成,賛成,賛成,賛成,賛成,賛成,賛成,賛成,賛成,賛成,賛成,賛成,賛成,賛成,賛成,賛成,賛成,賛成,賛成,賛成,賛成,賛成,賛成,賛成,賛成,賛成,賛成,賛成,賛成,賛成,賛成,賛成,賛成,賛成,賛成,賛成,賛成,賛成,賛成,賛成,賛成,賛成,賛成,賛成,賛成,賛成,賛成,賛成,賛成,賛成,賛成,賛成,賛成,賛成,賛成,賛成,賛成,賛成,賛成,賛成,賛成,賛成,賛成,賛成,賛成,賛成,賛成,賛成,賛成,賛成,賛成,賛成,賛成,賛成,賛成,賛成,賛成,賛成,賛成,賛成,賛成,賛成,賛成,賛成,賛成,賛成,賛成,賛成,賛成,賛成,賛成,賛成,賛成,賛成,賛成,賛成,賛成,賛成,賛成,賛成,賛成
山田俊男,自由民主党,,,,False,3.7%,賛成,賛成,賛成,賛成,賛成,賛成,賛成,賛成,賛成,賛成,賛成,賛成,投票なし,賛成,賛成,賛成,賛成,賛成,賛成,賛成,賛成,賛成,賛成,賛成,賛成,賛成,賛成,賛成,賛成,賛成,賛成,賛成,投票なし,賛成,賛成,賛成,賛成,賛成,賛成,賛成,賛成,賛成,賛成,賛成,賛成,賛成,賛成,賛成,賛成,賛成,賛成,賛成,賛成,賛成,賛成,賛成,賛成,賛成,賛成,賛成,賛成,賛成,賛成,賛成,賛成,賛成,賛成,賛成,賛成,賛成,賛成,賛成,賛成,賛成,賛成,賛成,賛成,賛成,賛成,賛成,賛成,賛成,賛成,賛成,賛成,賛成,賛成,賛成,賛成,賛成,賛成,賛成,賛成,賛成,賛成,賛成,賛成,賛成,賛成,賛成,賛成,賛成,賛成,賛成,賛成,賛成,賛成,賛成,賛成,賛成,賛成,投票なし,賛成,賛成,賛成,賛成,賛成,賛成,賛成,賛成,賛成,賛成,賛成,賛成,賛成,賛成,賛成,賛成,賛成,賛成,賛成,賛成,賛成,賛成,投票なし,投票なし
山田宏,自由民主党,比例,令和10年7月25日,https://www.sangiin.go.jp/japanese/joho1/kousei/giin/profile/7016043.htm,False,0.0%,賛成,賛成,賛成,賛成,賛成,賛成,賛成,賛成,賛成,賛成,賛成,賛成,賛成,賛成,賛成,賛成,賛成,賛成,賛成,賛成,賛成,賛成,賛成,賛成,賛成,賛成,賛成,賛成,賛成,賛成,賛成,賛成,賛成,賛成,賛成,賛成,賛成,賛成,賛成,賛成,賛成,賛成,賛成,賛成,賛成,賛成,賛成,賛成,賛成,賛成,賛成,賛成,賛成,賛成,賛成,賛成,賛成,賛成,賛成,賛成,賛成,賛成,賛成,賛成,賛成,賛成,賛成,賛成,賛成,賛成,賛成,賛成,賛成,賛成,賛成,賛成,賛成,賛成,賛成,賛成,賛成,賛成,賛成,賛成,賛成,賛成,賛成,賛成,賛成,賛成,賛成,賛成,賛成,賛成,賛成,賛成,賛成,賛成,賛成,賛成,賛成,賛成,賛成,賛成,賛成,賛成,賛成,賛成,賛成,賛成,賛成,賛成,賛成,賛成,賛成,賛成,賛成,賛成,賛成,賛成,賛成,賛成,賛成,賛成,賛成,賛成,賛成,賛成,賛成,賛成,賛成,賛成,賛成,賛成,賛成,賛成
山谷えり子,自由民主党,比例,令和10年7月25日,https://www.sangiin.go.jp/japanese/joho1/kousei/giin/profile/7004013.htm,False,0.0%,賛成,賛成,賛成,賛成,賛成,賛成,賛成,賛成,賛成,賛成,賛成,賛成,賛成,賛成,賛成,賛成,賛成,賛成,賛成,賛成,賛成,賛成,賛成,賛成,賛成,賛成,賛成,賛成,賛成,賛成,賛成,賛成,賛成,賛成,賛成,賛成,賛成,賛成,賛成,賛成,賛成,賛成,賛成,賛成,賛成,賛成,賛成,賛成,賛成,賛成,賛成,賛成,賛成,賛成,賛成,賛成,賛成,賛成,賛成,賛成,賛成,賛成,賛成,賛成,賛成,賛成,賛成,賛成,賛成,賛成,賛成,賛成,賛成,賛成,賛成,賛成,賛成,賛成,賛成,賛成,賛成,賛成,賛成,賛成,賛成,賛成,賛成,賛成,賛成,賛成,賛成,賛成,賛成,賛成,賛成,賛成,賛成,賛成,賛成,賛成,賛成,賛成,賛成,賛成,賛成,賛成,賛成,賛成,賛成,賛成,賛成,賛成,賛成,賛成,賛成,賛成,賛成,賛成,賛成,賛成,賛成,賛成,賛成,賛成,賛成,賛成,賛成,賛成,賛成,賛成,賛成,賛成,賛成,賛成,賛成,賛成
山本啓介,自由民主党,長崎,令和10年7月25日,https://www.sangiin.go.jp/japanese/joho1/kousei/giin/profile/7022040.htm,False,0.0%,賛成,賛成,賛成,賛成,賛成,賛成,賛成,賛成,賛成,賛成,賛成,賛成,賛成,賛成,賛成,賛成,賛成,賛成,賛成,賛成,賛成,賛成,賛成,賛成,賛成,賛成,賛成,賛成,賛成,賛成,賛成,賛成,賛成,賛成,賛成,賛成,賛成,賛成,賛成,賛成,賛成,賛成,賛成,賛成,賛成,賛成,賛成,賛成,賛成,賛成,賛成,賛成,賛成,賛成,賛成,賛成,賛成,賛成,賛成,賛成,賛成,賛成,賛成,賛成,賛成,賛成,賛成,賛成,賛成,賛成,賛成,賛成,賛成,賛成,賛成,賛成,賛成,賛成,賛成,賛成,賛成,賛成,賛成,賛成,賛成,賛成,賛成,賛成,賛成,賛成,賛成,賛成,賛成,賛成,賛成,賛成,賛成,賛成,賛成,賛成,賛成,賛成,賛成,賛成,賛成,賛成,賛成,賛成,賛成,賛成,賛成,賛成,賛成,賛成,賛成,賛成,賛成,賛成,賛成,賛成,賛成,賛成,賛成,賛成,賛成,賛成,賛成,賛成,賛成,賛成,賛成,賛成,賛成,賛成,賛成,賛成
山本佐知子,自由民主党,三重,令和10年7月25日,https://www.sangiin.go.jp/japanese/joho1/kousei/giin/profile/7022041.htm,False,0.0%,賛成,賛成,賛成,賛成,賛成,賛成,賛成,賛成,賛成,賛成,賛成,賛成,賛成,賛成,賛成,賛成,賛成,賛成,賛成,賛成,賛成,賛成,賛成,賛成,賛成,賛成,賛成,賛成,賛成,賛成,賛成,賛成,賛成,賛成,賛成,賛成,賛成,賛成,賛成,賛成,賛成,賛成,賛成,賛成,賛成,賛成,賛成,賛成,賛成,賛成,賛成,賛成,賛成,賛成,賛成,賛成,賛成,賛成,賛成,賛成,賛成,賛成,賛成,賛成,賛成,賛成,賛成,賛成,賛成,賛成,賛成,賛成,賛成,賛成,賛成,賛成,賛成,賛成,賛成,賛成,賛成,賛成,賛成,賛成,賛成,賛成,賛成,賛成,賛成,賛成,賛成,賛成,賛成,賛成,賛成,賛成,賛成,賛成,賛成,賛成,賛成,賛成,賛成,賛成,賛成,賛成,賛成,賛成,賛成,賛成,賛成,賛成,賛成,賛成,賛成,賛成,賛成,賛成,賛成,賛成,賛成,賛成,賛成,賛成,賛成,賛成,賛成,賛成,賛成,賛成,賛成,賛成,賛成,賛成,賛成,賛成
山本順三,自由民主党,愛媛,令和10年7月25日,https://www.sangiin.go.jp/japanese/joho1/kousei/giin/profile/7004062.htm,False,0.7%,賛成,賛成,賛成,賛成,賛成,賛成,賛成,賛成,賛成,賛成,賛成,賛成,賛成,賛成,賛成,賛成,賛成,賛成,賛成,賛成,賛成,賛成,賛成,賛成,賛成,賛成,賛成,賛成,賛成,賛成,賛成,賛成,賛成,賛成,賛成,賛成,賛成,賛成,賛成,賛成,賛成,賛成,賛成,賛成,賛成,賛成,賛成,賛成,賛成,賛成,賛成,賛成,賛成,賛成,賛成,賛成,賛成,賛成,賛成,賛成,賛成,賛成,賛成,賛成,賛成,賛成,賛成,賛成,賛成,賛成,賛成,賛成,賛成,賛成,賛成,賛成,賛成,賛成,賛成,賛成,賛成,賛成,賛成,賛成,賛成,賛成,賛成,賛成,賛成,賛成,賛成,賛成,賛成,賛成,賛成,賛成,賛成,賛成,賛成,賛成,賛成,賛成,賛成,賛成,賛成,賛成,賛成,賛成,賛成,賛成,投票なし,賛成,賛成,賛成,賛成,賛成,賛成,賛成,賛成,賛成,賛成,賛成,賛成,賛成,賛成,賛成,賛成,賛成,賛成,賛成,賛成,賛成,賛成,賛成,賛成,賛成
吉井章,自由民主党,京都,令和10年7月25日,https://www.sangiin.go.jp/japanese/joho1/kousei/giin/profile/7022042.htm,False,6.6%,賛成,賛成,賛成,賛成,賛成,賛成,賛成,賛成,賛成,賛成,賛成,賛成,賛成,賛成,賛成,賛成,賛成,賛成,賛成,賛成,賛成,賛成,賛成,賛成,賛成,賛成,賛成,賛成,賛成,賛成,賛成,賛成,賛成,賛成,賛成,賛成,賛成,賛成,賛成,賛成,賛成,賛成,賛成,賛成,賛成,賛成,賛成,投票なし,投票なし,投票なし,投票なし,投票なし,投票なし,投票なし,投票なし,投票なし,賛成,賛成,賛成,賛成,賛成,賛成,賛成,賛成,賛成,賛成,賛成,賛成,賛成,賛成,賛成,賛成,賛成,賛成,賛成,賛成,賛成,賛成,賛成,賛成,賛成,賛成,賛成,賛成,賛成,賛成,賛成,賛成,賛成,賛成,賛成,賛成,賛成,賛成,賛成,賛成,賛成,賛成,賛成,賛成,賛成,賛成,賛成,賛成,賛成,賛成,賛成,賛成,賛成,賛成,賛成,賛成,賛成,賛成,賛成,賛成,賛成,賛成,賛成,賛成,賛成,賛成,賛成,賛成,賛成,賛成,賛成,賛成,賛成,賛成,賛成,賛成,賛成,賛成,賛成,賛成
吉川ゆうみ,自由民主党,,,,False,0.0%,賛成,賛成,賛成,賛成,賛成,賛成,賛成,賛成,賛成,賛成,賛成,賛成,賛成,賛成,賛成,賛成,賛成,賛成,賛成,賛成,賛成,賛成,賛成,賛成,賛成,賛成,賛成,賛成,賛成,賛成,賛成,賛成,賛成,賛成,賛成,賛成,賛成,賛成,賛成,賛成,賛成,賛成,賛成,賛成,賛成,賛成,賛成,賛成,賛成,賛成,賛成,賛成,賛成,賛成,賛成,賛成,賛成,賛成,賛成,賛成,賛成,賛成,賛成,賛成,賛成,賛成,賛成,賛成,賛成,賛成,賛成,賛成,賛成,賛成,賛成,賛成,賛成,賛成,賛成,賛成,賛成,賛成,賛成,賛成,賛成,賛成,賛成,賛成,賛成,賛成,賛成,賛成,賛成,賛成,賛成,賛成,賛成,賛成,賛成,賛成,賛成,賛成,賛成,賛成,賛成,賛成,賛成,賛成,賛成,賛成,賛成,賛成,賛成,賛成,賛成,賛成,賛成,賛成,賛成,賛成,賛成,賛成,賛成,賛成,賛成,賛成,賛成,賛成,賛成,賛成,賛成,賛成,賛成,賛成,賛成,賛成
和田政宗,自由民主党,,,,False,0.0%,賛成,賛成,賛成,賛成,賛成,賛成,賛成,賛成,賛成,賛成,賛成,賛成,賛成,賛成,賛成,賛成,賛成,賛成,賛成,賛成,賛成,賛成,賛成,賛成,賛成,賛成,賛成,賛成,賛成,賛成,賛成,賛成,賛成,賛成,賛成,賛成,賛成,賛成,賛成,賛成,賛成,賛成,賛成,賛成,賛成,賛成,賛成,賛成,賛成,賛成,賛成,賛成,賛成,賛成,賛成,賛成,賛成,賛成,賛成,賛成,賛成,賛成,賛成,賛成,賛成,賛成,賛成,賛成,賛成,賛成,賛成,賛成,賛成,賛成,賛成,賛成,賛成,賛成,賛成,賛成,賛成,賛成,賛成,賛成,賛成,賛成,賛成,賛成,賛成,賛成,賛成,賛成,賛成,賛成,賛成,賛成,賛成,賛成,賛成,賛成,賛成,賛成,賛成,賛成,賛成,賛成,賛成,賛成,賛成,賛成,賛成,賛成,賛成,賛成,賛成,賛成,賛成,賛成,賛成,賛成,賛成,賛成,賛成,賛成,賛成,賛成,賛成,賛成,賛成,賛成,賛成,賛成,賛成,賛成,賛成,賛成
若林洋平,自由民主党,静岡,令和10年7月25日,https://www.sangiin.go.jp/japanese/joho1/kousei/giin/profile/7022043.htm,False,0.0%,賛成,賛成,賛成,賛成,賛成,賛成,賛成,賛成,賛成,賛成,賛成,賛成,賛成,賛成,賛成,賛成,賛成,賛成,賛成,賛成,賛成,賛成,賛成,賛成,賛成,賛成,賛成,賛成,賛成,賛成,賛成,賛成,賛成,賛成,賛成,賛成,賛成,賛成,賛成,賛成,賛成,賛成,賛成,賛成,賛成,賛成,賛成,賛成,賛成,賛成,賛成,賛成,賛成,賛成,賛成,賛成,賛成,賛成,賛成,賛成,賛成,賛成,賛成,賛成,賛成,賛成,賛成,賛成,賛成,賛成,賛成,賛成,賛成,賛成,賛成,賛成,賛成,賛成,賛成,賛成,賛成,賛成,賛成,賛成,賛成,賛成,賛成,賛成,賛成,賛成,賛成,賛成,賛成,賛成,賛成,賛成,賛成,賛成,賛成,賛成,賛成,賛成,賛成,賛成,賛成,賛成,賛成,賛成,賛成,賛成,賛成,賛成,賛成,賛成,賛成,賛成,賛成,賛成,賛成,賛成,賛成,賛成,賛成,賛成,賛成,賛成,賛成,賛成,賛成,賛成,賛成,賛成,賛成,賛成,賛成,賛成
渡辺猛之,自由民主党,岐阜,令和10年7月25日,https://www.sangiin.go.jp/japanese/joho1/kousei/giin/profile/7010055.htm,False,0.0%,賛成,賛成,賛成,賛成,賛成,賛成,賛成,賛成,賛成,賛成,賛成,賛成,賛成,賛成,賛成,賛成,賛成,賛成,賛成,賛成,賛成,賛成,賛成,賛成,賛成,賛成,賛成,賛成,賛成,賛成,賛成,賛成,賛成,賛成,賛成,賛成,賛成,賛成,賛成,賛成,賛成,賛成,賛成,賛成,賛成,賛成,賛成,賛成,賛成,賛成,賛成,賛成,賛成,賛成,賛成,賛成,賛成,賛成,賛成,賛成,賛成,賛成,賛成,賛成,賛成,賛成,賛成,賛成,賛成,賛成,賛成,賛成,賛成,賛成,賛成,賛成,賛成,賛成,賛成,賛成,賛成,賛成,賛成,賛成,賛成,賛成,賛成,賛成,賛成,賛成,賛成,賛成,賛成,賛成,賛成,賛成,賛成,賛成,賛成,賛成,賛成,賛成,賛成,賛成,賛成,賛成,賛成,賛成,賛成,賛成,賛成,賛成,賛成,賛成,賛成,賛成,賛成,賛成,賛成,賛成,賛成,賛成,賛成,賛成,賛成,賛成,賛成,賛成,賛成,賛成,賛成,賛成,賛成,賛成,賛成,賛成
青木愛,立憲民主・社民・無所属,比例,令和10年7月25日,https://www.sangiin.go.jp/japanese/joho1/kousei/giin/profile/7007006.htm,False,0.0%,賛成,賛成,賛成,賛成,賛成,賛成,反対,賛成,賛成,賛成,賛成,反対,賛成,反対,賛成,賛成,反対,賛成,賛成,反対,賛成,賛成,賛成,賛成,賛成,賛成,賛成,賛成,賛成,賛成,賛成,賛成,賛成,賛成,賛成,反対,反対,反対,賛成,賛成,賛成,賛成,賛成,賛成,賛成,賛成,賛成,賛成,賛成,賛成,賛成,賛成,賛成,賛成,賛成,賛成,賛成,賛成,賛成,反対,賛成,賛成,賛成,賛成,賛成,賛成,賛成,賛成,賛成,賛成,賛成,反対,賛成,賛成,賛成,賛成,賛成,賛成,賛成,賛成,賛成,賛成,賛成,賛成,賛成,賛成,賛成,賛成,賛成,賛成,賛成,賛成,賛成,賛成,賛成,賛成,反対,反対,反対,賛成,賛成,賛成,賛成,反対,賛成,反対,賛成,賛成,賛成,賛成,賛成,賛成,賛成,賛成,賛成,賛成,賛成,賛成,賛成,賛成,賛成,賛成,賛成,賛成,賛成,賛成,賛成,賛成,賛成,賛成,賛成,反対,賛成,賛成,賛成,賛成
石垣のりこ,立憲民主・社民・無所属,宮城,令和13年7月28日,https://www.sangiin.go.jp/japanese/joho1/kousei/giin/profile/7019003.htm,False,0.0%,賛成,賛成,賛成,賛成,賛成,賛成,反対,賛成,賛成,賛成,賛成,反対,賛成,反対,賛成,賛成,反対,賛成,賛成,反対,賛成,賛成,賛成,賛成,賛成,賛成,賛成,賛成,賛成,賛成,賛成,賛成,賛成,賛成,賛成,反対,反対,反対,賛成,賛成,賛成,賛成,賛成,賛成,賛成,賛成,賛成,賛成,賛成,賛成,賛成,賛成,賛成,賛成,賛成,賛成,賛成,賛成,賛成,反対,賛成,賛成,賛成,賛成,賛成,賛成,賛成,賛成,賛成,賛成,賛成,反対,賛成,賛成,賛成,賛成,賛成,賛成,賛成,賛成,賛成,賛成,賛成,賛成,賛成,賛成,賛成,賛成,賛成,賛成,賛成,賛成,賛成,賛成,賛成,賛成,反対,反対,反対,賛成,賛成,賛成,賛成,反対,賛成,反対,賛成,賛成,賛成,賛成,賛成,賛成,賛成,賛成,賛成,賛成,賛成,賛成,賛成,賛成,賛成,賛成,賛成,賛成,賛成,賛成,賛成,賛成,賛成,賛成,賛成,反対,賛成,賛成,賛成,賛成
石川大我,立憲民主・社民・無所属,,,,False,0.0%,賛成,賛成,賛成,賛成,賛成,賛成,反対,賛成,賛成,賛成,賛成,反対,賛成,反対,賛成,賛成,反対,賛成,賛成,反対,賛成,賛成,賛成,賛成,賛成,賛成,賛成,賛成,賛成,賛成,賛成,賛成,賛成,賛成,賛成,反対,反対,反対,賛成,賛成,賛成,賛成,賛成,賛成,賛成,賛成,賛成,賛成,賛成,賛成,賛成,賛成,賛成,賛成,賛成,賛成,賛成,賛成,賛成,反対,賛成,賛成,賛成,賛成,賛成,賛成,賛成,賛成,賛成,賛成,賛成,反対,賛成,賛成,賛成,賛成,賛成,賛成,賛成,賛成,賛成,賛成,賛成,賛成,賛成,賛成,賛成,賛成,賛成,賛成,賛成,賛成,賛成,賛成,賛成,賛成,反対,反対,反対,賛成,賛成,賛成,賛成,反対,賛成,反対,賛成,賛成,賛成,賛成,賛成,賛成,賛成,賛成,賛成,賛成,賛成,賛成,賛成,賛成,賛成,賛成,賛成,賛成,賛成,賛成,賛成,賛成,賛成,賛成,賛成,反対,賛成,賛成,賛成,賛成
石橋通宏,立憲民主・社民・無所属,比例,令和10年7月25日,https://www.sangiin.go.jp/japanese/joho1/kousei/giin/profile/7010007.htm,False,0.0%,賛成,賛成,賛成,賛成,賛成,賛成,反対,賛成,賛成,賛成,賛成,反対,賛成,反対,賛成,賛成,反対,賛成,賛成,反対,賛成,賛成,賛成,賛成,賛成,賛成,賛成,賛成,賛成,賛成,賛成,賛成,賛成,賛成,賛成,反対,反対,反対,賛成,賛成,賛成,賛成,賛成,賛成,賛成,賛成,賛成,賛成,賛成,賛成,賛成,賛成,賛成,賛成,賛成,賛成,賛成,賛成,賛成,反対,賛成,賛成,賛成,賛成,賛成,賛成,賛成,賛成,賛成,賛成,賛成,反対,賛成,賛成,賛成,賛成,賛成,賛成,賛成,賛成,賛成,賛成,賛成,賛成,賛成,賛成,賛成,賛成,賛成,賛成,賛成,賛成,賛成,賛成,賛成,賛成,反対,反対,反対,賛成,賛成,賛成,賛成,反対,賛成,反対,賛成,賛成,賛成,賛成,賛成,賛成,賛成,賛成,賛成,賛成,賛成,賛成,賛成,賛成,賛成,賛成,賛成,賛成,賛成,賛成,賛成,賛成,賛成,賛成,賛成,反対,賛成,賛成,賛成,賛成
打越さく良,立憲民主・社民・無所属,新潟,令和13年7月28日,https://www.sangiin.go.jp/japanese/joho1/kousei/giin/profile/7019006.htm,False,0.0%,賛成,賛成,賛成,賛成,賛成,賛成,反対,賛成,賛成,賛成,賛成,反対,賛成,反対,賛成,賛成,反対,賛成,賛成,反対,賛成,賛成,賛成,賛成,賛成,賛成,賛成,賛成,賛成,賛成,賛成,賛成,賛成,賛成,賛成,反対,反対,反対,賛成,賛成,賛成,賛成,賛成,賛成,賛成,賛成,賛成,賛成,賛成,賛成,賛成,賛成,賛成,賛成,賛成,賛成,賛成,賛成,賛成,反対,賛成,賛成,賛成,賛成,賛成,賛成,賛成,賛成,賛成,賛成,賛成,反対,賛成,賛成,賛成,賛成,賛成,賛成,賛成,賛成,賛成,賛成,賛成,賛成,賛成,賛成,賛成,賛成,賛成,賛成,賛成,賛成,賛成,賛成,賛成,賛成,反対,反対,反対,賛成,賛成,賛成,賛成,反対,賛成,反対,賛成,賛成,賛成,賛成,賛成,賛成,賛成,賛成,賛成,賛成,賛成,賛成,賛成,賛成,賛成,賛成,賛成,賛成,賛成,賛成,賛成,賛成,賛成,賛成,賛成,反対,賛成,賛成,賛成,賛成
小沢雅仁,立憲民主・社民・無所属,比例,令和13年7月28日,https://www.sangiin.go.jp/japanese/joho1/kousei/giin/profile/7019008.htm,False,0.0%,賛成,賛成,賛成,賛成,賛成,賛成,反対,賛成,賛成,賛成,賛成,反対,賛成,反対,賛成,賛成,反対,賛成,賛成,反対,賛成,賛成,賛成,賛成,賛成,賛成,賛成,賛成,賛成,賛成,賛成,賛成,賛成,賛成,賛成,反対,反対,反対,賛成,賛成,賛成,賛成,賛成,賛成,賛成,賛成,賛成,賛成,賛成,賛成,賛成,賛成,賛成,賛成,賛成,賛成,賛成,賛成,賛成,反対,賛成,賛成,賛成,賛成,賛成,賛成,賛成,賛成,賛成,賛成,賛成,反対,賛成,賛成,賛成,賛成,賛成,賛成,賛成,賛成,賛成,賛成,賛成,賛成,賛成,賛成,賛成,賛成,賛成,賛成,賛成,賛成,賛成,賛成,賛成,賛成,反対,反対,反対,賛成,賛成,賛成,賛成,反対,賛成,反対,賛成,賛成,賛成,賛成,賛成,賛成,賛成,賛成,賛成,賛成,賛成,賛成,賛成,賛成,賛成,賛成,賛成,賛成,賛成,賛成,賛成,賛成,賛成,賛成,賛成,反対,賛成,賛成,賛成,賛成
小沼巧,立憲民主・社民・無所属,,,,False,0.0%,賛成,賛成,賛成,賛成,賛成,賛成,反対,賛成,賛成,賛成,賛成,反対,賛成,反対,賛成,賛成,反対,賛成,賛成,反対,賛成,賛成,賛成,賛成,賛成,賛成,賛成,賛成,賛成,賛成,賛成,賛成,賛成,賛成,賛成,反対,反対,反対,賛成,賛成,賛成,賛成,賛成,賛成,賛成,賛成,賛成,賛成,賛成,賛成,賛成,賛成,賛成,賛成,賛成,賛成,賛成,賛成,賛成,反対,賛成,賛成,賛成,賛成,賛成,賛成,賛成,賛成,賛成,賛成,賛成,反対,賛成,賛成,賛成,賛成,賛成,賛成,賛成,賛成,賛成,賛成,賛成,賛成,賛成,賛成,賛成,賛成,賛成,賛成,賛成,賛成,賛成,賛成,賛成,賛成,反対,反対,反対,賛成,賛成,賛成,賛成,反対,賛成,反対,賛成,賛成,賛成,賛成,賛成,賛成,賛成,賛成,賛成,賛成,賛成,賛成,賛成,賛成,賛成,賛成,賛成,賛成,賛成,賛成,賛成,賛成,賛成,賛成,賛成,反対,賛成,賛成,賛成,賛成
大椿ゆうこ,立憲民主・社民・無所属,,,,False,4.4%,賛成,賛成,賛成,賛成,賛成,賛成,反対,賛成,賛成,賛成,賛成,反対,賛成,反対,賛成,賛成,反対,賛成,賛成,反対,賛成,賛成,賛成,賛成,賛成,賛成,賛成,賛成,賛成,賛成,賛成,賛成,賛成,賛成,賛成,反対,反対,反対,賛成,賛成,賛成,賛成,賛成,賛成,賛成,賛成,賛成,賛成,賛成,賛成,賛成,賛成,賛成,賛成,賛成,賛成,賛成,賛成,賛成,反対,賛成,投票なし,投票なし,投票なし,賛成,賛成,賛成,賛成,賛成,賛成,賛成,反対,投票なし,投票なし,投票なし,賛成,賛成,賛成,賛成,賛成,賛成,賛成,賛成,賛成,賛成,賛成,賛成,賛成,賛成,賛成,賛成,賛成,賛成,賛成,賛成,賛成,反対,反対,反対,賛成,賛成,賛成,賛成,反対,賛成,反対,賛成,賛成,賛成,賛成,賛成,賛成,賛成,賛成,賛成,賛成,賛成,賛成,賛成,賛成,賛成,賛成,賛成,賛成,賛成,賛成,賛成,賛成,賛成,賛成,賛成,反対,賛成,賛成,賛成,賛成
奥村政佳,立憲民主・社民・無所属,,,,False,0.7%,賛成,賛成,賛成,賛成,賛成,賛成,反対,賛成,賛成,賛成,賛成,反対,賛成,反対,賛成,賛成,反対,賛成,賛成,反対,賛成,投票なし,賛成,賛成,賛成,賛成,賛成,賛成,賛成,賛成,賛成,賛成,賛成,賛成,賛成,反対,反対,反対,賛成,賛成,賛成,賛成,賛成,賛成,賛成,賛成,賛成,賛成,賛成,賛成,賛成,賛成,賛成,賛成,賛成,賛成,賛成,賛成,賛成,反対,賛成,賛成,賛成,賛成,賛成,賛成,賛成,賛成,賛成,賛成,賛成,反対,賛成,賛成,賛成,賛成,賛成,賛成,賛成,賛成,賛成,賛成,賛成,賛成,賛成,賛成,賛成,賛成,賛成,賛成,賛成,賛成,賛成,賛成,賛成,賛成,反対,反対,反対,賛成,賛成,賛成,賛成,反対,賛成,反対,賛成,賛成,賛成,賛成,賛成,賛成,賛成,賛成,賛成,賛成,賛成,賛成,賛成,賛成,賛成,賛成,賛成,賛成,賛成,賛成,賛成,賛成,賛成,賛成,賛成,反対,賛成,賛成,賛成,賛成
鬼木誠,立憲民主・社民・無所属,比例,令和10年7月25日,https://www.sangiin.go.jp/japanese/joho1/kousei/giin/profile/7022009.htm,False,0.0%,賛成,賛成,賛成,賛成,賛成,賛成,反対,賛成,賛成,賛成,賛成,反対,賛成,反対,賛成,賛成,反対,賛成,賛成,反対,賛成,賛成,賛成,賛成,賛成,賛成,賛成,賛成,賛成,賛成,賛成,賛成,賛成,賛成,賛成,反対,反対,反対,賛成,賛成,賛成,賛成,賛成,賛成,賛成,賛成,賛成,賛成,賛成,賛成,賛成,賛成,賛成,賛成,賛成,賛成,賛成,賛成,賛成,反対,賛成,賛成,賛成,賛成,賛成,賛成,賛成,賛成,賛成,賛成,賛成,反対,賛成,賛成,賛成,賛成,賛成,賛成,賛成,賛成,賛成,賛成,賛成,賛成,賛成,賛成,賛成,賛成,賛成,賛成,賛成,賛成,賛成,賛成,賛成,賛成,反対,反対,反対,賛成,賛成,賛成,賛成,反対,賛成,反対,賛成,賛成,賛成,賛成,賛成,賛成,賛成,賛成,賛成,賛成,賛成,賛成,賛成,賛成,賛成,賛成,賛成,賛成,賛成,賛成,賛成,賛成,賛成,賛成,賛成,反対,賛成,賛成,賛成,賛成
勝部賢志,立憲民主・社民・無所属,北海道,令和13年7月28日,https://www.sangiin.go.jp/japanese/joho1/kousei/giin/profile/7019013.htm,False,0.0%,賛成,賛成,賛成,賛成,賛成,賛成,反対,賛成,賛成,賛成,賛成,反対,賛成,反対,賛成,賛成,反対,賛成,賛成,反対,賛成,賛成,賛成,賛成,賛成,賛成,賛成,賛成,賛成,賛成,賛成,賛成,賛成,賛成,賛成,反対,反対,反対,賛成,賛成,賛成,賛成,賛成,賛成,賛成,賛成,賛成,賛成,賛成,賛成,賛成,賛成,賛成,賛成,賛成,賛成,賛成,賛成,賛成,反対,賛成,賛成,賛成,賛成,賛成,賛成,賛成,賛成,賛成,賛成,賛成,反対,賛成,賛成,賛成,賛成,賛成,賛成,賛成,賛成,賛成,賛成,賛成,賛成,賛成,賛成,賛成,賛成,賛成,賛成,賛成,賛成,賛成,賛成,賛成,賛成,反対,反対,反対,賛成,賛成,賛成,賛成,反対,賛成,反対,賛成,賛成,賛成,賛成,賛成,賛成,賛成,賛成,賛成,賛成,賛成,賛成,賛成,賛成,賛成,賛成,賛成,賛成,賛成,賛成,賛成,賛成,賛成,賛成,賛成,反対,賛成,賛成,賛成,賛成
川田龍平,立憲民主・社民・無所属,,,,False,0.7%,賛成,賛成,賛成,賛成,賛成,賛成,反対,賛成,賛成,賛成,賛成,反対,賛成,反対,賛成,賛成,反対,賛成,賛成,反対,賛成,賛成,賛成,賛成,賛成,賛成,賛成,賛成,賛成,賛成,賛成,賛成,賛成,賛成,賛成,反対,反対,反対,賛成,賛成,賛成,賛成,賛成,賛成,賛成,賛成,賛成,賛成,賛成,賛成,賛成,賛成,賛成,賛成,賛成,賛成,賛成,賛成,賛成,反対,賛成,賛成,賛成,賛成,賛成,賛成,賛成,賛成,賛成,賛成,賛成,反対,賛成,賛成,賛成,賛成,賛成,賛成,賛成,賛成,賛成,賛成,賛成,賛成,賛成,投票なし,賛成,賛成,賛成,賛成,賛成,賛成,賛成,賛成,賛成,賛成,反対,反対,反対,賛成,賛成,賛成,賛成,反対,賛成,反対,賛成,賛成,賛成,賛成,賛成,賛成,賛成,賛成,賛成,賛成,賛成,賛成,賛成,賛成,賛成,賛成,賛成,賛成,賛成,賛成,賛成,賛成,賛成,賛成,賛成,反対,賛成,賛成,賛成,賛成
木戸口英司,立憲民主・社民・無所属,岩手,令和10年7月25日,https://www.sangiin.go.jp/japanese/joho1/kousei/giin/profile/7016015.htm,False,0.0%,賛成,賛成,賛成,賛成,賛成,賛成,反対,賛成,賛成,賛成,賛成,反対,賛成,反対,賛成,賛成,反対,賛成,賛成,反対,賛成,賛成,賛成,賛成,賛成,賛成,賛成,賛成,賛成,賛成,賛成,賛成,賛成,賛成,賛成,反対,反対,反対,賛成,賛成,賛成,賛成,賛成,賛成,賛成,賛成,賛成,賛成,賛成,賛成,賛成,賛成,賛成,賛成,賛成,賛成,賛成,賛成,賛成,反対,賛成,賛成,賛成,賛成,賛成,賛成,賛成,賛成,賛成,賛成,賛成,反対,賛成,賛成,賛成,賛成,賛成,賛成,賛成,賛成,賛成,賛成,賛成,賛成,賛成,賛成,賛成,賛成,賛成,賛成,賛成,賛成,賛成,賛成,賛成,賛成,反対,反対,反対,賛成,賛成,賛成,賛成,反対,賛成,反対,賛成,賛成,賛成,賛成,賛成,賛成,賛成,賛成,賛成,賛成,賛成,賛成,賛成,賛成,賛成,賛成,賛成,賛成,賛成,賛成,賛成,賛成,賛成,賛成,賛成,反対,賛成,賛成,賛成,賛成
岸真紀子,立憲民主・社民・無所属,比例,令和13年7月28日,https://www.sangiin.go.jp/japanese/joho1/kousei/giin/profile/7019016.htm,False,0.0%,賛成,賛成,賛成,賛成,賛成,賛成,反対,賛成,賛成,賛成,賛成,反対,賛成,反対,賛成,賛成,反対,賛成,賛成,反対,賛成,賛成,賛成,賛成,賛成,賛成,賛成,賛成,賛成,賛成,賛成,賛成,賛成,賛成,賛成,反対,反対,反対,賛成,賛成,賛成,賛成,賛成,賛成,賛成,賛成,賛成,賛成,賛成,賛成,賛成,賛成,賛成,賛成,賛成,賛成,賛成,賛成,賛成,反対,賛成,賛成,賛成,賛成,賛成,賛成,賛成,賛成,賛成,賛成,賛成,反対,賛成,賛成,賛成,賛成,賛成,賛成,賛成,賛成,賛成,賛成,賛成,賛成,賛成,賛成,賛成,賛成,賛成,賛成,賛成,賛成,賛成,賛成,賛成,賛成,反対,反対,反対,賛成,賛成,賛成,賛成,反対,賛成,反対,賛成,賛成,賛成,賛成,賛成,賛成,賛成,賛成,賛成,賛成,賛成,賛成,賛成,賛成,賛成,賛成,賛成,賛成,賛成,賛成,賛成,賛成,賛成,賛成,賛成,反対,賛成,賛成,賛成,賛成
熊谷裕人,立憲民主・社民・無所属,埼玉,令和13年7月28日,https://www.sangiin.go.jp/japanese/joho1/kousei/giin/profile/7019017.htm,False,0.0%,賛成,賛成,賛成,賛成,賛成,賛成,反対,賛成,賛成,賛成,賛成,反対,賛成,反対,賛成,賛成,反対,賛成,賛成,反対,賛成,賛成,賛成,賛成,賛成,賛成,賛成,賛成,賛成,賛成,賛成,賛成,賛成,賛成,賛成,反対,反対,反対,賛成,賛成,賛成,賛成,賛成,賛成,賛成,賛成,賛成,賛成,賛成,賛成,賛成,賛成,賛成,賛成,賛成,賛成,賛成,賛成,賛成,反対,賛成,賛成,賛成,賛成,賛成,賛成,賛成,賛成,賛成,賛成,賛成,反対,賛成,賛成,賛成,賛成,賛成,賛成,賛成,賛成,賛成,賛成,賛成,賛成,賛成,賛成,賛成,賛成,賛成,賛成,賛成,賛成,賛成,賛成,賛成,賛成,反対,反対,反対,賛成,賛成,賛成,賛成,反対,賛成,反対,賛成,賛成,賛成,賛成,賛成,賛成,賛成,賛成,賛成,賛成,賛成,賛成,賛成,賛成,賛成,賛成,賛成,賛成,賛成,賛成,賛成,賛成,賛成,賛成,賛成,反対,賛成,賛成,賛成,賛成
小西洋之,立憲民主・社民・無所属,千葉,令和10年7月25日,https://www.sangiin.go.jp/japanese/joho1/kousei/giin/profile/7010024.htm,False,0.0%,賛成,賛成,賛成,賛成,賛成,賛成,反対,賛成,賛成,賛成,賛成,反対,賛成,反対,賛成,賛成,反対,賛成,賛成,反対,賛成,賛成,賛成,賛成,賛成,賛成,賛成,賛成,賛成,賛成,賛成,賛成,賛成,賛成,賛成,反対,反対,反対,賛成,賛成,賛成,賛成,賛成,賛成,賛成,賛成,賛成,賛成,賛成,賛成,賛成,賛成,賛成,賛成,賛成,賛成,賛成,賛成,賛成,反対,賛成,賛成,賛成,賛成,賛成,賛成,賛成,賛成,賛成,賛成,賛成,反対,賛成,賛成,賛成,賛成,賛成,賛成,賛成,賛成,賛成,賛成,賛成,賛成,賛成,賛成,賛成,賛成,賛成,賛成,賛成,賛成,賛成,賛成,賛成,賛成,反対,反対,反対,賛成,賛成,賛成,賛成,反対,賛成,反対,賛成,賛成,賛成,賛成,賛成,賛成,賛成,賛成,賛成,賛成,賛成,賛成,賛成,賛成,賛成,賛成,賛成,賛成,賛成,賛成,賛成,賛成,賛成,賛成,賛成,反対,賛成,賛成,賛成,賛成
古賀千景,立憲民主・社民・無所属,比例,令和10年7月25日,https://www.sangiin.go.jp/japanese/joho1/kousei/giin/profile/7022019.htm,False,0.7%,賛成,賛成,賛成,賛成,賛成,賛成,反対,賛成,賛成,賛成,賛成,反対,賛成,反対,賛成,賛成,反対,賛成,賛成,反対,賛成,賛成,賛成,賛成,賛成,賛成,賛成,賛成,賛成,賛成,賛成,賛成,賛成,賛成,賛成,反対,反対,反対,賛成,賛成,賛成,賛成,賛成,賛成,賛成,賛成,賛成,賛成,賛成,賛成,賛成,賛成,賛成,賛成,賛成,賛成,賛成,賛成,投票なし,反対,賛成,賛成,賛成,賛成,賛成,賛成,賛成,賛成,賛成,賛成,賛成,反対,賛成,賛成,賛成,賛成,賛成,賛成,賛成,賛成,賛成,賛成,賛成,賛成,賛成,賛成,賛成,賛成,賛成,賛成,賛成,賛成,賛成,賛成,賛成,賛成,反対,反対,反対,賛成,賛成,賛成,賛成,反対,賛成,反対,賛成,賛成,賛成,賛成,賛成,賛成,賛成,賛成,賛成,賛成,賛成,賛成,賛成,賛成,賛成,賛成,賛成,賛成,賛成,賛成,賛成,賛成,賛成,賛成,賛成,反対,賛成,賛成,賛成,賛成
古賀之士,立憲民主・社民・無所属,福岡,令和10年7月25日,https://www.sangiin.go.jp/japanese/joho1/kousei/giin/profile/7016018.htm,False,0.0%,賛成,賛成,賛成,賛成,賛成,賛成,反対,賛成,賛成,賛成,賛成,反対,賛成,反対,賛成,賛成,反対,賛成,賛成,反対,賛成,賛成,賛成,賛成,賛成,賛成,賛成,賛成,賛成,賛成,賛成,賛成,賛成,賛成,賛成,反対,反対,反対,賛成,賛成,賛成,賛成,賛成,賛成,賛成,賛成,賛成,賛成,賛成,賛成,賛成,賛成,賛成,賛成,賛成,賛成,賛成,賛成,賛成,反対,賛成,賛成,賛成,賛成,賛成,賛成,賛成,賛成,賛成,賛成,賛成,反対,賛成,賛成,賛成,賛成,賛成,賛成,賛成,賛成,賛成,賛成,賛成,賛成,賛成,賛成,賛成,賛成,賛成,賛成,賛成,賛成,賛成,賛成,賛成,賛成,反対,反対,反対,賛成,賛成,賛成,賛成,反対,賛成,反対,賛成,賛成,賛成,賛成,賛成,賛成,賛成,賛成,賛成,賛成,賛成,賛成,賛成,賛成,賛成,賛成,賛成,賛成,賛成,賛成,賛成,賛成,賛成,賛成,賛成,反対,賛成,賛成,賛成,賛成
斎藤嘉隆,立憲民主・社民・無所属,愛知,令和10年7月25日,https://www.sangiin.go.jp/japanese/joho1/kousei/giin/profile/7010027.htm,False,0.0%,賛成,賛成,賛成,賛成,賛成,賛成,反対,賛成,賛成,賛成,賛成,反対,賛成,反対,賛成,賛成,反対,賛成,賛成,反対,賛成,賛成,賛成,賛成,賛成,賛成,賛成,賛成,賛成,賛成,賛成,賛成,賛成,賛成,賛成,反対,反対,反対,賛成,賛成,賛成,賛成,賛成,賛成,賛成,賛成,賛成,賛成,賛成,賛成,賛成,賛成,賛成,賛成,賛成,賛成,賛成,賛成,賛成,反対,賛成,賛成,賛成,賛成,賛成,賛成,賛成,賛成,賛成,賛成,賛成,反対,賛成,賛成,賛成,賛成,賛成,賛成,賛成,賛成,賛成,賛成,賛成,賛成,賛成,賛成,賛成,賛成,賛成,賛成,賛成,賛成,賛成,賛成,賛成,賛成,反対,反対,反対,賛成,賛成,賛成,賛成,反対,賛成,反対,賛成,賛成,賛成,賛成,賛成,賛成,賛成,賛成,賛成,賛成,賛成,賛成,賛成,賛成,賛成,賛成,賛成,賛成,賛成,賛成,賛成,賛成,賛成,賛成,賛成,反対,賛成,賛成,賛成,賛成
塩村あやか,立憲民主・社民・無所属,東京,令和10年7月25日,https://www.sangiin.go.jp/japanese/joho1/kousei/giin/profile/7019020.htm,False,2.9%,賛成,賛成,賛成,賛成,賛成,賛成,反対,賛成,賛成,賛成,賛成,反対,賛成,反対,賛成,賛成,反対,賛成,賛成,反対,賛成,賛成,賛成,賛成,賛成,賛成,賛成,賛成,投票なし,投票なし,投票なし,投票なし,賛成,賛成,賛成,反対,反対,反対,賛成,賛成,賛成,賛成,賛成,賛成,賛成,賛成,賛成,賛成,賛成,賛成,賛成,賛成,賛成,賛成,賛成,賛成,賛成,賛成,賛成,反対,賛成,賛成,賛成,賛成,賛成,賛成,賛成,賛成,賛成,賛成,賛成,反対,賛成,賛成,賛成,賛成,賛成,賛成,賛成,賛成,賛成,賛成,賛成,賛成,賛成,賛成,賛成,賛成,賛成,賛成,賛成,賛成,賛成,賛成,賛成,賛成,反対,反対,反対,賛成,賛成,賛成,賛成,反対,賛成,反対,賛成,賛成,賛成,賛成,賛成,賛成,賛成,賛成,賛成,賛成,賛成,賛成,賛成,賛成,賛成,賛成,賛成,賛成,賛成,賛成,賛成,賛成,賛成,賛成,賛成,反対,賛成,賛成,賛成,賛成
柴愼一,立憲民主・社民・無所属,比例,令和10年7月25日,https://www.sangiin.go.jp/japanese/joho1/kousei/giin/profile/7022021.htm,False,0.0%,賛成,賛成,賛成,賛成,賛成,賛成,反対,賛成,賛成,賛成,賛成,反対,賛成,反対,賛成,賛成,反対,賛成,賛成,反対,賛成,賛成,賛成,賛成,賛成,賛成,賛成,賛成,賛成,賛成,賛成,賛成,賛成,賛成,賛成,反対,反対,反対,賛成,賛成,賛成,賛成,賛成,賛成,賛成,賛成,賛成,賛成,賛成,賛成,賛成,賛成,賛成,賛成,賛成,賛成,賛成,賛成,賛成,反対,賛成,賛成,賛成,賛成,賛成,賛成,賛成,賛成,賛成,賛成,賛成,反対,賛成,賛成,賛成,賛成,賛成,賛成,賛成,賛成,賛成,賛成,賛成,賛成,賛成,賛成,賛成,賛成,賛成,賛成,賛成,賛成,賛成,賛成,賛成,賛成,反対,反対,反対,賛成,賛成,賛成,賛成,反対,賛成,反対,賛成,賛成,賛成,賛成,賛成,賛成,賛成,賛成,賛成,賛成,賛成,賛成,賛成,賛成,賛成,賛成,賛成,賛成,賛成,賛成,賛成,賛成,賛成,賛成,賛成,反対,賛成,賛成,賛成,賛成
杉尾秀哉,立憲民主・社民・無所属,長野,令和10年7月25日,https://www.sangiin.go.jp/japanese/joho1/kousei/giin/profile/7016023.htm,False,2.2%,賛成,賛成,賛成,賛成,賛成,賛成,反対,賛成,賛成,賛成,賛成,反対,賛成,反対,賛成,賛成,反対,賛成,賛成,反対,賛成,賛成,賛成,賛成,賛成,賛成,賛成,賛成,賛成,賛成,賛成,賛成,賛成,賛成,賛成,反対,反対,反対,賛成,賛成,賛成,賛成,賛成,賛成,賛成,賛成,賛成,賛成,賛成,賛成,賛成,賛成,賛成,賛成,賛成,賛成,賛成,賛成,賛成,反対,賛成,賛成,賛成,賛成,賛成,賛成,賛成,賛成,賛成,賛成,賛成,反対,賛成,賛成,賛成,賛成,賛成,賛成,賛成,賛成,賛成,賛成,賛成,賛成,賛成,賛成,賛成,賛成,賛成,賛成,賛成,賛成,投票なし,投票なし,投票なし,賛成,反対,反対,反対,賛成,賛成,賛成,賛成,反対,賛成,反対,賛成,賛成,賛成,賛成,賛成,賛成,賛成,賛成,賛成,賛成,賛成,賛成,賛成,賛成,賛成,賛成,賛成,賛成,賛成,賛成,賛成,賛成,賛成,賛成,賛成,反対,賛成,賛成,賛成,賛成
田島麻衣子,立憲民主・社民・無所属,愛知,令和13年7月28日,https://www.sangiin.go.jp/japanese/joho1/kousei/giin/profile/7019024.htm,False,0.0%,賛成,賛成,賛成,賛成,賛成,賛成,反対,賛成,賛成,賛成,賛成,反対,賛成,反対,賛成,賛成,反対,賛成,賛成,反対,賛成,賛成,賛成,賛成,賛成,賛成,賛成,賛成,賛成,賛成,賛成,賛成,賛成,賛成,賛成,反対,反対,反対,賛成,賛成,賛成,賛成,賛成,賛成,賛成,賛成,賛成,賛成,賛成,賛成,賛成,賛成,賛成,賛成,賛成,賛成,賛成,賛成,賛成,反対,賛成,賛成,賛成,賛成,賛成,賛成,賛成,賛成,賛成,賛成,賛成,反対,賛成,賛成,賛成,賛成,賛成,賛成,賛成,賛成,賛成,賛成,賛成,賛成,賛成,賛成,賛成,賛成,賛成,賛成,賛成,賛成,賛成,賛成,賛成,賛成,反対,反対,反対,賛成,賛成,賛成,賛成,反対,賛成,反対,賛成,賛成,賛成,賛成,賛成,賛成,賛成,賛成,賛成,賛成,賛成,賛成,賛成,賛成,賛成,賛成,賛成,賛成,賛成,賛成,賛成,賛成,賛成,賛成,賛成,反対,賛成,賛成,賛成,賛成
田名部匡代,立憲民主・社民・無所属,青森,令和10年7月25日,https://www.sangiin.go.jp/japanese/joho1/kousei/giin/profile/7016025.htm,False,19.9%,賛成,賛成,賛成,賛成,賛成,賛成,反対,賛成,賛成,賛成,賛成,反対,賛成,反対,賛成,賛成,反対,賛成,賛成,反対,賛成,賛成,賛成,賛成,賛成,賛成,賛成,賛成,賛成,賛成,賛成,賛成,賛成,賛成,賛成,反対,反対,反対,賛成,賛成,賛成,賛成,賛成,賛成,賛成,賛成,賛成,賛成,賛成,賛成,賛成,賛成,賛成,賛成,賛成,賛成,賛成,賛成,賛成,反対,賛成,賛成,賛成,賛成,賛成,賛成,賛成,賛成,賛成,賛成,賛成,反対,賛成,賛成,賛成,賛成,賛成,賛成,賛成,賛成,賛成,賛成,賛成,賛成,賛成,賛成,賛成,賛成,賛成,賛成,賛成,賛成,賛成,賛成,賛成,投票なし,投票なし,投票なし,投票なし,投票なし,投票なし,投票なし,投票なし,投票なし,投票なし,投票なし,投票なし,投票なし,投票なし,投票なし,投票なし,投票なし,投票なし,投票なし,投票なし,投票なし,投票なし,投票なし,投票なし,投票なし,投票なし,投票なし,賛成,賛成,賛成,賛成,賛成,賛成,賛成,賛成,賛成,反対,賛成,賛成,賛成,賛成
高木真理,立憲民主・社民・無所属,埼玉,令和10年7月25日,https://www.sangiin.go.jp/japanese/joho1/kousei/giin/profile/7022023.htm,False,0.0%,賛成,賛成,賛成,賛成,賛成,賛成,反対,賛成,賛成,賛成,賛成,反対,賛成,反対,賛成,賛成,反対,賛成,賛成,反対,賛成,賛成,賛成,賛成,賛成,賛成,賛成,賛成,賛成,賛成,賛成,賛成,賛成,賛成,賛成,反対,反対,反対,賛成,賛成,賛成,賛成,賛成,賛成,賛成,賛成,賛成,賛成,賛成,賛成,賛成,賛成,賛成,賛成,賛成,賛成,賛成,賛成,賛成,反対,賛成,賛成,賛成,賛成,賛成,賛成,賛成,賛成,賛成,賛成,賛成,反対,賛成,賛成,賛成,賛成,賛成,賛成,賛成,賛成,賛成,賛成,賛成,賛成,賛成,賛成,賛成,賛成,賛成,賛成,賛成,賛成,賛成,賛成,賛成,賛成,反対,反対,反対,賛成,賛成,賛成,賛成,反対,賛成,反対,賛成,賛成,賛成,賛成,賛成,賛成,賛成,賛成,賛成,賛成,賛成,賛成,賛成,賛成,賛成,賛成,賛成,賛成,賛成,賛成,賛成,賛成,賛成,賛成,賛成,反対,賛成,賛成,賛成,賛成
辻元清美,立憲民主・社民・無所属,比例,令和10年7月25日,https://www.sangiin.go.jp/japanese/joho1/kousei/giin/profile/7022025.htm,False,2.2%,賛成,賛成,賛成,賛成,賛成,賛成,反対,賛成,賛成,賛成,賛成,反対,賛成,反対,賛成,賛成,反対,賛成,賛成,反対,賛成,賛成,賛成,賛成,賛成,賛成,賛成,賛成,賛成,賛成,賛成,賛成,賛成,賛成,賛成,反対,反対,反対,賛成,賛成,賛成,投票なし,投票なし,投票なし,賛成,賛成,賛成,賛成,賛成,賛成,賛成,賛成,賛成,賛成,賛成,賛成,賛成,賛成,賛成,反対,賛成,賛成,賛成,賛成,賛成,賛成,賛成,賛成,賛成,賛成,賛成,反対,賛成,賛成,賛成,賛成,賛成,賛成,賛成,賛成,賛成,賛成,賛成,賛成,賛成,賛成,賛成,賛成,賛成,賛成,賛成,賛成,賛成,賛成,賛成,賛成,反対,反対,反対,賛成,賛成,賛成,賛成,反対,賛成,反対,賛成,賛成,賛成,賛成,賛成,賛成,賛成,賛成,賛成,賛成,賛成,賛成,賛成,賛成,賛成,賛成,賛成,賛成,賛成,賛成,賛成,賛成,賛成,賛成,賛成,反対,賛成,賛成,賛成,賛成
徳永エリ,立憲民主・社民・無所属,北海道,令和10年7月25日,https://www.sangiin.go.jp/japanese/joho1/kousei/giin/profile/7010036.htm,False,0.0%,賛成,賛成,賛成,賛成,賛成,賛成,反対,賛成,賛成,賛成,賛成,反対,賛成,反対,賛成,賛成,反対,賛成,賛成,反対,賛成,賛成,賛成,賛成,賛成,賛成,賛成,賛成,賛成,賛成,賛成,賛成,賛成,賛成,賛成,反対,反対,反対,賛成,賛成,賛成,賛成,賛成,賛成,賛成,賛成,賛成,賛成,賛成,賛成,賛成,賛成,賛成,賛成,賛成,賛成,賛成,賛成,賛成,反対,賛成,賛成,賛成,賛成,賛成,賛成,賛成,賛成,賛成,賛成,賛成,反対,賛成,賛成,賛成,賛成,賛成,賛成,賛成,賛成,賛成,賛成,賛成,賛成,賛成,賛成,賛成,賛成,賛成,賛成,賛成,賛成,賛成,賛成,賛成,賛成,反対,反対,反対,賛成,賛成,賛成,賛成,反対,賛成,反対,賛成,賛成,賛成,賛成,賛成,賛成,賛成,賛成,賛成,賛成,賛成,賛成,賛成,賛成,賛成,賛成,賛成,賛成,賛成,賛成,賛成,賛成,賛成,賛成,賛成,反対,賛成,賛成,賛成,賛成
野田国義,立憲民主・社民・無所属,,,,False,0.0%,賛成,賛成,賛成,賛成,賛成,賛成,反対,賛成,賛成,賛成,賛成,反対,賛成,反対,賛成,賛成,反対,賛成,賛成,反対,賛成,賛成,賛成,賛成,賛成,賛成,賛成,賛成,賛成,賛成,賛成,賛成,賛成,賛成,賛成,反対,反対,反対,賛成,賛成,賛成,賛成,賛成,賛成,賛成,賛成,賛成,賛成,賛成,賛成,賛成,賛成,賛成,賛成,賛成,賛成,賛成,賛成,賛成,反対,賛成,賛成,賛成,賛成,賛成,賛成,賛成,賛成,賛成,賛成,賛成,反対,賛成,賛成,賛成,賛成,賛成,賛成,賛成,賛成,賛成,賛成,賛成,賛成,賛成,賛成,賛成,賛成,賛成,賛成,賛成,賛成,賛成,賛成,賛成,賛成,反対,反対,反対,賛成,賛成,賛成,賛成,反対,賛成,反対,賛成,賛成,賛成,賛成,賛成,賛成,賛成,賛成,賛成,賛成,賛成,賛成,賛成,賛成,賛成,賛成,賛成,賛成,賛成,賛成,賛成,賛成,賛成,賛成,賛成,反対,賛成,賛成,賛成,賛成
羽田次郎,立憲民主・社民・無所属,長野,令和13年7月28日,https://www.sangiin.go.jp/japanese/joho1/kousei/giin/profile/7021002.htm,False,0.0%,賛成,賛成,賛成,賛成,賛成,賛成,反対,賛成,賛成,賛成,賛成,反対,賛成,反対,賛成,賛成,反対,賛成,賛成,反対,賛成,賛成,賛成,賛成,賛成,賛成,賛成,賛成,賛成,賛成,賛成,賛成,賛成,賛成,賛成,反対,反対,反対,賛成,賛成,賛成,賛成,賛成,賛成,賛成,賛成,賛成,賛成,賛成,賛成,賛成,賛成,賛成,賛成,賛成,賛成,賛成,賛成,賛成,反対,賛成,賛成,賛成,賛成,賛成,賛成,賛成,賛成,賛成,賛成,賛成,反対,賛成,賛成,賛成,賛成,賛成,賛成,賛成,賛成,賛成,賛成,賛成,賛成,賛成,賛成,賛成,賛成,賛成,賛成,賛成,賛成,賛成,賛成,賛成,賛成,反対,反対,反対,賛成,賛成,賛成,賛成,反対,賛成,反対,賛成,賛成,賛成,賛成,賛成,賛成,賛成,賛成,賛成,賛成,賛成,賛成,賛成,賛成,賛成,賛成,賛成,賛成,賛成,賛成,賛成,賛成,賛成,賛成,賛成,反対,賛成,賛成,賛成,賛成
広田一,立憲民主・社民・無所属,徳島・高知,令和13年7月28日,https://www.sangiin.go.jp/japanese/joho1/kousei/giin/profile/7004050.htm,False,0.0%,賛成,賛成,賛成,賛成,賛成,賛成,反対,賛成,賛成,賛成,賛成,反対,賛成,反対,賛成,賛成,反対,賛成,賛成,反対,賛成,賛成,賛成,賛成,賛成,賛成,賛成,賛成,賛成,賛成,賛成,賛成,賛成,賛成,賛成,反対,反対,反対,賛成,賛成,賛成,賛成,賛成,賛成,賛成,賛成,賛成,賛成,賛成,賛成,賛成,賛成,賛成,賛成,賛成,賛成,賛成,賛成,賛成,反対,賛成,賛成,賛成,賛成,賛成,賛成,賛成,賛成,賛成,賛成,賛成,反対,賛成,賛成,賛成,賛成,賛成,賛成,賛成,賛成,賛成,賛成,賛成,賛成,賛成,賛成,賛成,賛成,賛成,賛成,賛成,賛成,賛成,賛成,賛成,賛成,反対,反対,反対,賛成,賛成,賛成,賛成,反対,賛成,反対,賛成,賛成,賛成,賛成,賛成,賛成,賛成,賛成,賛成,賛成,賛成,賛成,賛成,賛成,賛成,賛成,賛成,賛成,賛成,賛成,賛成,賛成,賛成,賛成,賛成,反対,賛成,賛成,賛成,賛成
福島みずほ,立憲民主・社民・無所属,比例,令和10年7月25日,https://www.sangiin.go.jp/japanese/joho1/kousei/giin/profile/5998049.htm,False,6.6%,投票なし,投票なし,賛成,賛成,賛成,賛成,反対,賛成,賛成,賛成,賛成,反対,賛成,反対,賛成,賛成,反対,賛成,賛成,反対,賛成,賛成,賛成,賛成,賛成,賛成,賛成,賛成,賛成,賛成,賛成,賛成,賛成,賛成,賛成,反対,反対,反対,賛成,賛成,賛成,賛成,賛成,賛成,賛成,賛成,賛成,賛成,賛成,賛成,賛成,賛成,賛成,賛成,賛成,賛成,賛成,投票なし,賛成,反対,賛成,投票なし,投票なし,投票なし,賛成,賛成,賛成,賛成,賛成,賛成,賛成,反対,投票なし,投票なし,投票なし,賛成,賛成,賛成,賛成,賛成,賛成,賛成,賛成,賛成,賛成,賛成,賛成,賛成,賛成,賛成,賛成,賛成,賛成,賛成,賛成,賛成,反対,反対,反対,賛成,賛成,賛成,賛成,反対,賛成,反対,賛成,賛成,賛成,賛成,賛成,賛成,賛成,賛成,賛成,賛成,賛成,賛成,賛成,賛成,賛成,賛成,賛成,賛成,賛成,賛成,賛成,賛成,賛成,賛成,賛成,反対,賛成,賛成,賛成,賛成
福山哲郎,立憲民主・社民・無所属,京都,令和10年7月25日,https://www.sangiin.go.jp/japanese/joho1/kousei/giin/profile/5998050.htm,False,0.0%,賛成,賛成,賛成,賛成,賛成,賛成,反対,賛成,賛成,賛成,賛成,反対,賛成,反対,賛成,賛成,反対,賛成,賛成,反対,賛成,賛成,賛成,賛成,賛成,賛成,賛成,賛成,賛成,賛成,賛成,賛成,賛成,賛成,賛成,反対,反対,反対,賛成,賛成,賛成,賛成,賛成,賛成,賛成,賛成,賛成,賛成,賛成,賛成,賛成,賛成,賛成,賛成,賛成,賛成,賛成,賛成,賛成,反対,賛成,賛成,賛成,賛成,賛成,賛成,賛成,賛成,賛成,賛成,賛成,反対,賛成,賛成,賛成,賛成,賛成,賛成,賛成,賛成,賛成,賛成,賛成,賛成,賛成,賛成,賛成,賛成,賛成,賛成,賛成,賛成,賛成,賛成,賛成,賛成,反対,反対,反対,賛成,賛成,賛成,賛成,反対,賛成,反対,賛成,賛成,賛成,賛成,賛成,賛成,賛成,賛成,賛成,賛成,賛成,賛成,賛成,賛成,賛成,賛成,賛成,賛成,賛成,賛成,賛成,賛成,賛成,賛成,賛成,反対,賛成,賛成,賛成,賛成
牧山ひろえ,立憲民主・社民・無所属,神奈川,令和13年7月28日,https://www.sangiin.go.jp/japanese/joho1/kousei/giin/profile/7007055.htm,False,0.0%,賛成,賛成,賛成,賛成,賛成,賛成,反対,賛成,賛成,賛成,賛成,反対,賛成,反対,賛成,賛成,反対,賛成,賛成,反対,賛成,賛成,賛成,賛成,賛成,賛成,賛成,賛成,賛成,賛成,賛成,賛成,賛成,賛成,賛成,反対,反対,反対,賛成,賛成,賛成,賛成,賛成,賛成,賛成,賛成,賛成,賛成,賛成,賛成,賛成,賛成,賛成,賛成,賛成,賛成,賛成,賛成,賛成,反対,賛成,賛成,賛成,賛成,賛成,賛成,賛成,賛成,賛成,賛成,賛成,反対,賛成,賛成,賛成,賛成,賛成,賛成,賛成,賛成,賛成,賛成,賛成,賛成,賛成,賛成,賛成,賛成,賛成,賛成,賛成,賛成,賛成,賛成,賛成,賛成,反対,反対,反対,賛成,賛成,賛成,賛成,反対,賛成,反対,賛成,賛成,賛成,賛成,賛成,賛成,賛成,賛成,賛成,賛成,賛成,賛成,賛成,賛成,賛成,賛成,賛成,賛成,賛成,賛成,賛成,賛成,賛成,賛成,賛成,反対,賛成,賛成,賛成,賛成
三上えり,立憲民主・社民・無所属,広島,令和10年7月25日,https://www.sangiin.go.jp/japanese/joho1/kousei/giin/profile/7022037.htm,False,0.0%,賛成,賛成,賛成,賛成,賛成,賛成,反対,賛成,賛成,賛成,賛成,反対,賛成,反対,賛成,賛成,反対,賛成,賛成,反対,賛成,賛成,賛成,賛成,賛成,賛成,賛成,賛成,賛成,賛成,賛成,賛成,賛成,賛成,賛成,反対,反対,反対,賛成,賛成,賛成,賛成,賛成,賛成,賛成,賛成,賛成,賛成,賛成,賛成,賛成,賛成,賛成,賛成,賛成,賛成,賛成,賛成,賛成,反対,賛成,賛成,賛成,賛成,賛成,賛成,賛成,賛成,賛成,賛成,賛成,反対,賛成,賛成,賛成,賛成,賛成,賛成,賛成,賛成,賛成,賛成,賛成,賛成,賛成,賛成,賛成,賛成,賛成,賛成,賛成,賛成,賛成,賛成,賛成,賛成,反対,反対,反対,賛成,賛成,賛成,賛成,反対,賛成,反対,賛成,賛成,賛成,賛成,賛成,賛成,賛成,賛成,賛成,賛成,賛成,賛成,賛成,賛成,賛成,賛成,賛成,賛成,賛成,賛成,賛成,賛成,賛成,賛成,賛成,反対,賛成,賛成,賛成,賛成
水岡俊一,立憲民主・社民・無所属,比例,令和13年7月28日,https://www.sangiin.go.jp/japanese/joho1/kousei/giin/profile/7004058.htm,False,0.0%,賛成,賛成,賛成,賛成,賛成,賛成,反対,賛成,賛成,賛成,賛成,反対,賛成,反対,賛成,賛成,反対,賛成,賛成,反対,賛成,賛成,賛成,賛成,賛成,賛成,賛成,賛成,賛成,賛成,賛成,賛成,賛成,賛成,賛成,反対,反対,反対,賛成,賛成,賛成,賛成,賛成,賛成,賛成,賛成,賛成,賛成,賛成,賛成,賛成,賛成,賛成,賛成,賛成,賛成,賛成,賛成,賛成,反対,賛成,賛成,賛成,賛成,賛成,賛成,賛成,賛成,賛成,賛成,賛成,反対,賛成,賛成,賛成,賛成,賛成,賛成,賛成,賛成,賛成,賛成,賛成,賛成,賛成,賛成,賛成,賛成,賛成,賛成,賛成,賛成,賛成,賛成,賛成,賛成,反対,反対,反対,賛成,賛成,賛成,賛成,反対,賛成,反対,賛成,賛成,賛成,賛成,賛成,賛成,賛成,賛成,賛成,賛成,賛成,賛成,賛成,賛成,賛成,賛成,賛成,賛成,賛成,賛成,賛成,賛成,賛成,賛成,賛成,反対,賛成,賛成,賛成,賛成
水野素子,立憲民主・社民・無所属,,,,False,0.0%,賛成,賛成,賛成,賛成,賛成,賛成,反対,賛成,賛成,賛成,賛成,反対,賛成,反対,賛成,賛成,反対,賛成,賛成,反対,賛成,賛成,賛成,賛成,賛成,賛成,賛成,賛成,賛成,賛成,賛成,賛成,賛成,賛成,賛成,反対,反対,反対,賛成,賛成,賛成,賛成,賛成,賛成,賛成,賛成,賛成,賛成,賛成,賛成,賛成,賛成,賛成,賛成,賛成,賛成,賛成,賛成,賛成,反対,賛成,賛成,賛成,賛成,賛成,賛成,賛成,賛成,賛成,賛成,賛成,反対,賛成,賛成,賛成,賛成,賛成,賛成,賛成,賛成,賛成,賛成,賛成,賛成,賛成,賛成,賛成,賛成,賛成,賛成,賛成,賛成,賛成,賛成,賛成,賛成,反対,反対,反対,賛成,賛成,賛成,賛成,反対,賛成,反対,賛成,賛成,賛成,賛成,賛成,賛成,賛成,賛成,賛成,賛成,賛成,賛成,賛成,賛成,賛成,賛成,賛成,賛成,賛成,賛成,賛成,賛成,賛成,賛成,賛成,反対,賛成,賛成,賛成,賛成
村田享子,立憲民主・社民・無所属,比例,令和10年7月25日,https://www.sangiin.go.jp/japanese/joho1/kousei/giin/profile/7022039.htm,False,0.0%,賛成,賛成,賛成,賛成,賛成,賛成,反対,賛成,賛成,賛成,賛成,反対,賛成,反対,賛成,賛成,反対,賛成,賛成,反対,賛成,賛成,賛成,賛成,賛成,賛成,賛成,賛成,賛成,賛成,賛成,賛成,賛成,賛成,賛成,反対,反対,反対,賛成,賛成,賛成,賛成,賛成,賛成,賛成,賛成,賛成,賛成,賛成,賛成,賛成,賛成,賛成,賛成,賛成,賛成,賛成,賛成,賛成,反対,賛成,賛成,賛成,賛成,賛成,賛成,賛成,賛成,賛成,賛成,賛成,反対,賛成,賛成,賛成,賛成,賛成,賛成,賛成,賛成,賛成,賛成,賛成,賛成,賛成,賛成,賛成,賛成,賛成,賛成,賛成,賛成,賛成,賛成,賛成,賛成,反対,反対,反対,賛成,賛成,賛成,賛成,反対,賛成,反対,賛成,賛成,賛成,賛成,賛成,賛成,賛成,賛成,賛成,賛成,賛成,賛成,賛成,賛成,賛成,賛成,賛成,賛成,賛成,賛成,賛成,賛成,賛成,賛成,賛成,反対,賛成,賛成,賛成,賛成
森本真治,立憲民主・社民・無所属,広島,令和13年7月28日,https://www.sangiin.go.jp/japanese/joho1/kousei/giin/profile/7013054.htm,False,0.0%,賛成,賛成,賛成,賛成,賛成,賛成,反対,賛成,賛成,賛成,賛成,反対,賛成,反対,賛成,賛成,反対,賛成,賛成,反対,賛成,賛成,賛成,賛成,賛成,賛成,賛成,賛成,賛成,賛成,賛成,賛成,賛成,賛成,賛成,反対,反対,反対,賛成,賛成,賛成,賛成,賛成,賛成,賛成,賛成,賛成,賛成,賛成,賛成,賛成,賛成,賛成,賛成,賛成,賛成,賛成,賛成,賛成,反対,賛成,賛成,賛成,賛成,賛成,賛成,賛成,賛成,賛成,賛成,賛成,反対,賛成,賛成,賛成,賛成,賛成,賛成,賛成,賛成,賛成,賛成,賛成,賛成,賛成,賛成,賛成,賛成,賛成,賛成,賛成,賛成,賛成,賛成,賛成,賛成,反対,反対,反対,賛成,賛成,賛成,賛成,反対,賛成,反対,賛成,賛成,賛成,賛成,賛成,賛成,賛成,賛成,賛成,賛成,賛成,賛成,賛成,賛成,賛成,賛成,賛成,賛成,賛成,賛成,賛成,賛成,賛成,賛成,賛成,反対,賛成,賛成,賛成,賛成
森屋隆,立憲民主・社民・無所属,,,,False,0.7%,賛成,賛成,賛成,賛成,賛成,賛成,反対,賛成,賛成,賛成,賛成,反対,賛成,反対,賛成,賛成,反対,賛成,賛成,反対,賛成,賛成,賛成,賛成,賛成,賛成,賛成,賛成,賛成,賛成,賛成,賛成,賛成,賛成,賛成,反対,反対,反対,賛成,賛成,賛成,賛成,賛成,賛成,賛成,賛成,賛成,賛成,賛成,賛成,賛成,賛成,賛成,賛成,賛成,賛成,賛成,賛成,賛成,反対,賛成,賛成,賛成,賛成,賛成,賛成,賛成,賛成,賛成,賛成,賛成,反対,賛成,賛成,賛成,賛成,賛成,賛成,賛成,賛成,賛成,賛成,賛成,賛成,賛成,賛成,賛成,賛成,賛成,賛成,賛成,賛成,賛成,賛成,賛成,賛成,反対,反対,反対,賛成,賛成,賛成,賛成,反対,賛成,反対,賛成,賛成,賛成,賛成,賛成,賛成,賛成,賛成,賛成,賛成,賛成,賛成,賛成,投票なし,賛成,賛成,賛成,賛成,賛成,賛成,賛成,賛成,賛成,賛成,賛成,反対,賛成,賛成,賛成,賛成
横沢高徳,立憲民主・社民・無所属,岩手,令和13年7月28日,https://www.sangiin.go.jp/japanese/joho1/kousei/giin/profile/7019040.htm,False,0.7%,賛成,賛成,賛成,賛成,賛成,賛成,反対,賛成,賛成,賛成,賛成,反対,賛成,反対,賛成,賛成,反対,賛成,賛成,反対,賛成,賛成,賛成,賛成,賛成,賛成,賛成,賛成,賛成,賛成,賛成,賛成,賛成,賛成,賛成,反対,反対,反対,賛成,賛成,賛成,賛成,賛成,賛成,賛成,賛成,賛成,賛成,賛成,投票なし,賛成,賛成,賛成,賛成,賛成,賛成,賛成,賛成,賛成,反対,賛成,賛成,賛成,賛成,賛成,賛成,賛成,賛成,賛成,賛成,賛成,反対,賛成,賛成,賛成,賛成,賛成,賛成,賛成,賛成,賛成,賛成,賛成,賛成,賛成,賛成,賛成,賛成,賛成,賛成,賛成,賛成,賛成,賛成,賛成,賛成,反対,反対,反対,賛成,賛成,賛成,賛成,反対,賛成,反対,賛成,賛成,賛成,賛成,賛成,賛成,賛成,賛成,賛成,賛成,賛成,賛成,賛成,賛成,賛成,賛成,賛成,賛成,賛成,賛成,賛成,賛成,賛成,賛成,賛成,反対,賛成,賛成,賛成,賛成
吉川沙織,立憲民主・社民・無所属,比例,令和13年7月28日,https://www.sangiin.go.jp/japanese/joho1/kousei/giin/profile/7007071.htm,False,0.0%,賛成,賛成,賛成,賛成,賛成,賛成,反対,賛成,賛成,賛成,賛成,反対,賛成,反対,賛成,賛成,反対,賛成,賛成,反対,賛成,賛成,賛成,賛成,賛成,賛成,賛成,賛成,賛成,賛成,賛成,賛成,賛成,賛成,賛成,反対,反対,反対,賛成,賛成,賛成,賛成,賛成,賛成,賛成,賛成,賛成,賛成,賛成,賛成,賛成,賛成,賛成,賛成,賛成,賛成,賛成,賛成,賛成,反対,賛成,賛成,賛成,賛成,賛成,賛成,賛成,賛成,賛成,賛成,賛成,反対,賛成,賛成,賛成,賛成,賛成,賛成,賛成,賛成,賛成,賛成,賛成,賛成,賛成,賛成,賛成,賛成,賛成,賛成,賛成,賛成,賛成,賛成,賛成,賛成,反対,反対,反対,賛成,賛成,賛成,賛成,反対,賛成,反対,賛成,賛成,賛成,賛成,賛成,賛成,賛成,賛成,賛成,賛成,賛成,賛成,賛成,賛成,賛成,賛成,賛成,賛成,賛成,賛成,賛成,賛成,賛成,賛成,賛成,反対,賛成,賛成,賛成,賛成
秋野公造,公明党,福岡,令和10年7月25日,https://www.sangiin.go.jp/japanese/joho1/kousei/giin/profile/7010003.htm,False,0.0%,賛成,賛成,賛成,賛成,賛成,賛成,賛成,賛成,賛成,賛成,賛成,賛成,賛成,賛成,賛成,賛成,賛成,賛成,賛成,賛成,賛成,賛成,賛成,賛成,賛成,賛成,賛成,賛成,賛成,賛成,賛成,賛成,賛成,賛成,賛成,賛成,賛成,賛成,賛成,賛成,賛成,賛成,賛成,賛成,賛成,賛成,賛成,賛成,賛成,賛成,賛成,賛成,賛成,賛成,賛成,賛成,賛成,賛成,賛成,賛成,賛成,賛成,賛成,賛成,賛成,賛成,賛成,賛成,賛成,賛成,賛成,賛成,賛成,賛成,賛成,賛成,賛成,賛成,賛成,賛成,賛成,賛成,賛成,賛成,賛成,賛成,賛成,賛成,賛成,賛成,賛成,賛成,賛成,賛成,賛成,賛成,賛成,賛成,賛成,賛成,賛成,賛成,賛成,賛成,賛成,賛成,賛成,賛成,賛成,賛成,賛成,賛成,賛成,賛成,賛成,賛成,賛成,賛成,賛成,賛成,賛成,賛成,賛成,賛成,賛成,賛成,賛成,賛成,賛成,賛成,賛成,賛成,賛成,賛成,賛成,賛成
伊藤孝江,公明党,兵庫,令和10年7月25日,https://www.sangiin.go.jp/japanese/joho1/kousei/giin/profile/7016005.htm,False,0.0%,賛成,賛成,賛成,賛成,賛成,賛成,賛成,賛成,賛成,賛成,賛成,賛成,賛成,賛成,賛成,賛成,賛成,賛成,賛成,賛成,賛成,賛成,賛成,賛成,賛成,賛成,賛成,賛成,賛成,賛成,賛成,賛成,賛成,賛成,賛成,賛成,賛成,賛成,賛成,賛成,賛成,賛成,賛成,賛成,賛成,賛成,賛成,賛成,賛成,賛成,賛成,賛成,賛成,賛成,賛成,賛成,賛成,賛成,賛成,賛成,賛成,賛成,賛成,賛成,賛成,賛成,賛成,賛成,賛成,賛成,賛成,賛成,賛成,賛成,賛成,賛成,賛成,賛成,賛成,賛成,賛成,賛成,賛成,賛成,賛成,賛成,賛成,賛成,賛成,賛成,賛成,賛成,賛成,賛成,賛成,賛成,賛成,賛成,賛成,賛成,賛成,賛成,賛成,賛成,賛成,賛成,賛成,賛成,賛成,賛成,賛成,賛成,賛成,賛成,賛成,賛成,賛成,賛成,賛成,賛成,賛成,賛成,賛成,賛成,賛成,賛成,賛成,賛成,賛成,賛成,賛成,賛成,賛成,賛成,賛成,賛成
石川博崇,公明党,大阪,令和10年7月25日,https://www.sangiin.go.jp/japanese/joho1/kousei/giin/profile/7010006.htm,False,0.0%,賛成,賛成,賛成,賛成,賛成,賛成,賛成,賛成,賛成,賛成,賛成,賛成,賛成,賛成,賛成,賛成,賛成,賛成,賛成,賛成,賛成,賛成,賛成,賛成,賛成,賛成,賛成,賛成,賛成,賛成,賛成,賛成,賛成,賛成,賛成,賛成,賛成,賛成,賛成,賛成,賛成,賛成,賛成,賛成,賛成,賛成,賛成,賛成,賛成,賛成,賛成,賛成,賛成,賛成,賛成,賛成,賛成,賛成,賛成,賛成,賛成,賛成,賛成,賛成,賛成,賛成,賛成,賛成,賛成,賛成,賛成,賛成,賛成,賛成,賛成,賛成,賛成,賛成,賛成,賛成,賛成,賛成,賛成,賛成,賛成,賛成,賛成,賛成,賛成,賛成,賛成,賛成,賛成,賛成,賛成,賛成,賛成,賛成,賛成,賛成,賛成,賛成,賛成,賛成,賛成,賛成,賛成,賛成,賛成,賛成,賛成,賛成,賛成,賛成,賛成,賛成,賛成,賛成,賛成,賛成,賛成,賛成,賛成,賛成,賛成,賛成,賛成,賛成,賛成,賛成,賛成,賛成,賛成,賛成,賛成,賛成
上田勇,公明党,比例,令和10年7月25日,https://www.sangiin.go.jp/japanese/joho1/kousei/giin/profile/7022006.htm,False,2.2%,賛成,賛成,賛成,賛成,賛成,賛成,賛成,賛成,賛成,賛成,賛成,賛成,賛成,賛成,賛成,賛成,賛成,賛成,賛成,賛成,賛成,賛成,賛成,賛成,賛成,賛成,賛成,賛成,賛成,賛成,賛成,賛成,賛成,賛成,賛成,賛成,賛成,賛成,賛成,賛成,賛成,投票なし,投票なし,投票なし,賛成,賛成,賛成,賛成,賛成,賛成,賛成,賛成,賛成,賛成,賛成,賛成,賛成,賛成,賛成,賛成,賛成,賛成,賛成,賛成,賛成,賛成,賛成,賛成,賛成,賛成,賛成,賛成,賛成,賛成,賛成,賛成,賛成,賛成,賛成,賛成,賛成,賛成,賛成,賛成,賛成,賛成,賛成,賛成,賛成,賛成,賛成,賛成,賛成,賛成,賛成,賛成,賛成,賛成,賛成,賛成,賛成,賛成,賛成,賛成,賛成,賛成,賛成,賛成,賛成,賛成,賛成,賛成,賛成,賛成,賛成,賛成,賛成,賛成,賛成,賛成,賛成,賛成,賛成,賛成,賛成,賛成,賛成,賛成,賛成,賛成,賛成,賛成,賛成,賛成,賛成,賛成
河野義博,公明党,,,,False,17.6%,賛成,賛成,賛成,賛成,賛成,賛成,賛成,賛成,賛成,賛成,賛成,賛成,賛成,賛成,賛成,賛成,賛成,賛成,投票なし,投票なし,投票なし,投票なし,投票なし,投票なし,投票なし,投票なし,投票なし,投票なし,投票なし,投票なし,投票なし,投票なし,投票なし,投票なし,投票なし,投票なし,投票なし,投票なし,投票なし,投票なし,投票なし,賛成,賛成,賛成,賛成,賛成,賛成,賛成,賛成,賛成,賛成,賛成,賛成,賛成,賛成,投票なし,賛成,賛成,賛成,賛成,賛成,賛成,賛成,賛成,賛成,賛成,賛成,賛成,賛成,賛成,賛成,賛成,賛成,賛成,賛成,賛成,賛成,賛成,賛成,賛成,賛成,賛成,賛成,賛成,賛成,賛成,賛成,賛成,賛成,賛成,賛成,賛成,賛成,賛成,賛成,賛成,賛成,賛成,賛成,賛成,賛成,賛成,賛成,賛成,賛成,賛成,賛成,賛成,賛成,賛成,賛成,賛成,賛成,賛成,賛成,賛成,賛成,賛成,賛成,賛成,賛成,賛成,賛成,賛成,賛成,賛成,賛成,賛成,賛成,賛成,賛成,賛成,賛成,賛成,賛成,賛成
窪田哲也,公明党,比例,令和10年7月25日,https://www.sangiin.go.jp/japanese/joho1/kousei/giin/profile/7022017.htm,False,0.0%,賛成,賛成,賛成,賛成,賛成,賛成,賛成,賛成,賛成,賛成,賛成,賛成,賛成,賛成,賛成,賛成,賛成,賛成,賛成,賛成,賛成,賛成,賛成,賛成,賛成,賛成,賛成,賛成,賛成,賛成,賛成,賛成,賛成,賛成,賛成,賛成,賛成,賛成,賛成,賛成,賛成,賛成,賛成,賛成,賛成,賛成,賛成,賛成,賛成,賛成,賛成,賛成,賛成,賛成,賛成,賛成,賛成,賛成,賛成,賛成,賛成,賛成,賛成,賛成,賛成,賛成,賛成,賛成,賛成,賛成,賛成,賛成,賛成,賛成,賛成,賛成,賛成,賛成,賛成,賛成,賛成,賛成,賛成,賛成,賛成,賛成,賛成,賛成,賛成,賛成,賛成,賛成,賛成,賛成,賛成,賛成,賛成,賛成,賛成,賛成,賛成,賛成,賛成,賛成,賛成,賛成,賛成,賛成,賛成,賛成,賛成,賛成,賛成,賛成,賛成,賛成,賛成,賛成,賛成,賛成,賛成,賛成,賛成,賛成,賛成,賛成,賛成,賛成,賛成,賛成,賛成,賛成,賛成,賛成,賛成,賛成
佐々木さやか,公明党,,,,False,0.0%,賛成,賛成,賛成,賛成,賛成,賛成,賛成,賛成,賛成,賛成,賛成,賛成,賛成,賛成,賛成,賛成,賛成,賛成,賛成,賛成,賛成,賛成,賛成,賛成,賛成,賛成,賛成,賛成,賛成,賛成,賛成,賛成,賛成,賛成,賛成,賛成,賛成,賛成,賛成,賛成,賛成,賛成,賛成,賛成,賛成,賛成,賛成,賛成,賛成,賛成,賛成,賛成,賛成,賛成,賛成,賛成,賛成,賛成,賛成,賛成,賛成,賛成,賛成,賛成,賛成,賛成,賛成,賛成,賛成,賛成,賛成,賛成,賛成,賛成,賛成,賛成,賛成,賛成,賛成,賛成,賛成,賛成,賛成,賛成,賛成,賛成,賛成,賛成,賛成,賛成,賛成,賛成,賛成,賛成,賛成,賛成,賛成,賛成,賛成,賛成,賛成,賛成,賛成,賛成,賛成,賛成,賛成,賛成,賛成,賛成,賛成,賛成,賛成,賛成,賛成,賛成,賛成,賛成,賛成,賛成,賛成,賛成,賛成,賛成,賛成,賛成,賛成,賛成,賛成,賛成,賛成,賛成,賛成,賛成,賛成,賛成
里見隆治,公明党,愛知,令和10年7月25日,https://www.sangiin.go.jp/japanese/joho1/kousei/giin/profile/7016020.htm,False,0.0%,賛成,賛成,賛成,賛成,賛成,賛成,賛成,賛成,賛成,賛成,賛成,賛成,賛成,賛成,賛成,賛成,賛成,賛成,賛成,賛成,賛成,賛成,賛成,賛成,賛成,賛成,賛成,賛成,賛成,賛成,賛成,賛成,賛成,賛成,賛成,賛成,賛成,賛成,賛成,賛成,賛成,賛成,賛成,賛成,賛成,賛成,賛成,賛成,賛成,賛成,賛成,賛成,賛成,賛成,賛成,賛成,賛成,賛成,賛成,賛成,賛成,賛成,賛成,賛成,賛成,賛成,賛成,賛成,賛成,賛成,賛成,賛成,賛成,賛成,賛成,賛成,賛成,賛成,賛成,賛成,賛成,賛成,賛成,賛成,賛成,賛成,賛成,賛成,賛成,賛成,賛成,賛成,賛成,賛成,賛成,賛成,賛成,賛成,賛成,賛成,賛成,賛成,賛成,賛成,賛成,賛成,賛成,賛成,賛成,賛成,賛成,賛成,賛成,賛成,賛成,賛成,賛成,賛成,賛成,賛成,賛成,賛成,賛成,賛成,賛成,賛成,賛成,賛成,賛成,賛成,賛成,賛成,賛成,賛成,賛成,賛成
塩田博昭,公明党,,,,False,0.0%,賛成,賛成,賛成,賛成,賛成,賛成,賛成,賛成,賛成,賛成,賛成,賛成,賛成,賛成,賛成,賛成,賛成,賛成,賛成,賛成,賛成,賛成,賛成,賛成,賛成,賛成,賛成,賛成,賛成,賛成,賛成,賛成,賛成,賛成,賛成,賛成,賛成,賛成,賛成,賛成,賛成,賛成,賛成,賛成,賛成,賛成,賛成,賛成,賛成,賛成,賛成,賛成,賛成,賛成,賛成,賛成,賛成,賛成,賛成,賛成,賛成,賛成,賛成,賛成,賛成,賛成,賛成,賛成,賛成,賛成,賛成,賛成,賛成,賛成,賛成,賛成,賛成,賛成,賛成,賛成,賛成,賛成,賛成,賛成,賛成,賛成,賛成,賛成,賛成,賛成,賛成,賛成,賛成,賛成,賛成,賛成,賛成,賛成,賛成,賛成,賛成,賛成,賛成,賛成,賛成,賛成,賛成,賛成,賛成,賛成,賛成,賛成,賛成,賛成,賛成,賛成,賛成,賛成,賛成,賛成,賛成,賛成,賛成,賛成,賛成,賛成,賛成,賛成,賛成,賛成,賛成,賛成,賛成,賛成,賛成,賛成
下野六太,公明党,福岡,令和13年7月28日,https://www.sangiin.go.jp/japanese/joho1/kousei/giin/profile/7019021.htm,False,0.0%,賛成,賛成,賛成,賛成,賛成,賛成,賛成,賛成,賛成,賛成,賛成,賛成,賛成,賛成,賛成,賛成,賛成,賛成,賛成,賛成,賛成,賛成,賛成,賛成,賛成,賛成,賛成,賛成,賛成,賛成,賛成,賛成,賛成,賛成,賛成,賛成,賛成,賛成,賛成,賛成,賛成,賛成,賛成,賛成,賛成,賛成,賛成,賛成,賛成,賛成,賛成,賛成,賛成,賛成,賛成,賛成,賛成,賛成,賛成,賛成,賛成,賛成,賛成,賛成,賛成,賛成,賛成,賛成,賛成,賛成,賛成,賛成,賛成,賛成,賛成,賛成,賛成,賛成,賛成,賛成,賛成,賛成,賛成,賛成,賛成,賛成,賛成,賛成,賛成,賛成,賛成,賛成,賛成,賛成,賛成,賛成,賛成,賛成,賛成,賛成,賛成,賛成,賛成,賛成,賛成,賛成,賛成,賛成,賛成,賛成,賛成,賛成,賛成,賛成,賛成,賛成,賛成,賛成,賛成,賛成,賛成,賛成,賛成,賛成,賛成,賛成,賛成,賛成,賛成,賛成,賛成,賛成,賛成,賛成,賛成,賛成
杉久武,公明党,大阪,令和13年7月28日,https://www.sangiin.go.jp/japanese/joho1/kousei/giin/profile/7013028.htm,False,0.0%,賛成,賛成,賛成,賛成,賛成,賛成,賛成,賛成,賛成,賛成,賛成,賛成,賛成,賛成,賛成,賛成,賛成,賛成,賛成,賛成,賛成,賛成,賛成,賛成,賛成,賛成,賛成,賛成,賛成,賛成,賛成,賛成,賛成,賛成,賛成,賛成,賛成,賛成,賛成,賛成,賛成,賛成,賛成,賛成,賛成,賛成,賛成,賛成,賛成,賛成,賛成,賛成,賛成,賛成,賛成,賛成,賛成,賛成,賛成,賛成,賛成,賛成,賛成,賛成,賛成,賛成,賛成,賛成,賛成,賛成,賛成,賛成,賛成,賛成,賛成,賛成,賛成,賛成,賛成,賛成,賛成,賛成,賛成,賛成,賛成,賛成,賛成,賛成,賛成,賛成,賛成,賛成,賛成,賛成,賛成,賛成,賛成,賛成,賛成,賛成,賛成,賛成,賛成,賛成,賛成,賛成,賛成,賛成,賛成,賛成,賛成,賛成,賛成,賛成,賛成,賛成,賛成,賛成,賛成,賛成,賛成,賛成,賛成,賛成,賛成,賛成,賛成,賛成,賛成,賛成,賛成,賛成,賛成,賛成,賛成,賛成
高橋次郎,公明党,,,,False,0.0%,賛成,賛成,賛成,賛成,賛成,賛成,賛成,賛成,賛成,賛成,賛成,賛成,賛成,賛成,賛成,賛成,賛成,賛成,賛成,賛成,賛成,賛成,賛成,賛成,賛成,賛成,賛成,賛成,賛成,賛成,賛成,賛成,賛成,賛成,賛成,賛成,賛成,賛成,賛成,賛成,賛成,賛成,賛成,賛成,賛成,賛成,賛成,賛成,賛成,賛成,賛成,賛成,賛成,賛成,賛成,賛成,賛成,賛成,賛成,賛成,賛成,賛成,賛成,賛成,賛成,賛成,賛成,賛成,賛成,賛成,賛成,賛成,賛成,賛成,賛成,賛成,賛成,賛成,賛成,賛成,賛成,賛成,賛成,賛成,賛成,賛成,賛成,賛成,賛成,賛成,賛成,賛成,賛成,賛成,賛成,賛成,賛成,賛成,賛成,賛成,賛成,賛成,賛成,賛成,賛成,賛成,賛成,賛成,賛成,賛成,賛成,賛成,賛成,賛成,賛成,賛成,賛成,賛成,賛成,賛成,賛成,賛成,賛成,賛成,賛成,賛成,賛成,賛成,賛成,賛成,賛成,賛成,賛成,賛成,賛成,賛成
高橋光男,公明党,兵庫,令和13年7月28日,https://www.sangiin.go.jp/japanese/joho1/kousei/giin/profile/7019027.htm,False,0.0%,賛成,賛成,賛成,賛成,賛成,賛成,賛成,賛成,賛成,賛成,賛成,賛成,賛成,賛成,賛成,賛成,賛成,賛成,賛成,賛成,賛成,賛成,賛成,賛成,賛成,賛成,賛成,賛成,賛成,賛成,賛成,賛成,賛成,賛成,賛成,賛成,賛成,賛成,賛成,賛成,賛成,賛成,賛成,賛成,賛成,賛成,賛成,賛成,賛成,賛成,賛成,賛成,賛成,賛成,賛成,賛成,賛成,賛成,賛成,賛成,賛成,賛成,賛成,賛成,賛成,賛成,賛成,賛成,賛成,賛成,賛成,賛成,賛成,賛成,賛成,賛成,賛成,賛成,賛成,賛成,賛成,賛成,賛成,賛成,賛成,賛成,賛成,賛成,賛成,賛成,賛成,賛成,賛成,賛成,賛成,賛成,賛成,賛成,賛成,賛成,賛成,賛成,賛成,賛成,賛成,賛成,賛成,賛成,賛成,賛成,賛成,賛成,賛成,賛成,賛成,賛成,賛成,賛成,賛成,賛成,賛成,賛成,賛成,賛成,賛成,賛成,賛成,賛成,賛成,賛成,賛成,賛成,賛成,賛成,賛成,賛成
竹内真二,公明党,比例,令和10年7月25日,https://www.sangiin.go.jp/japanese/joho1/kousei/giin/profile/7017001.htm,False,0.7%,賛成,賛成,賛成,賛成,賛成,賛成,賛成,賛成,賛成,賛成,賛成,賛成,賛成,賛成,賛成,賛成,賛成,賛成,賛成,賛成,賛成,賛成,賛成,賛成,賛成,賛成,賛成,賛成,賛成,賛成,賛成,賛成,賛成,賛成,賛成,賛成,賛成,賛成,賛成,賛成,賛成,賛成,賛成,賛成,賛成,賛成,賛成,賛成,賛成,投票なし,賛成,賛成,賛成,賛成,賛成,賛成,賛成,賛成,賛成,賛成,賛成,賛成,賛成,賛成,賛成,賛成,賛成,賛成,賛成,賛成,賛成,賛成,賛成,賛成,賛成,賛成,賛成,賛成,賛成,賛成,賛成,賛成,賛成,賛成,賛成,賛成,賛成,賛成,賛成,賛成,賛成,賛成,賛成,賛成,賛成,賛成,賛成,賛成,賛成,賛成,賛成,賛成,賛成,賛成,賛成,賛成,賛成,賛成,賛成,賛成,賛成,賛成,賛成,賛成,賛成,賛成,賛成,賛成,賛成,賛成,賛成,賛成,賛成,賛成,賛成,賛成,賛成,賛成,賛成,賛成,賛成,賛成,賛成,賛成,賛成,賛成
竹谷とし子,公明党,東京,令和10年7月25日,https://www.sangiin.go.jp/japanese/joho1/kousei/giin/profile/7010033.htm,False,3.7%,賛成,賛成,賛成,賛成,賛成,賛成,賛成,賛成,賛成,賛成,賛成,賛成,賛成,賛成,賛成,賛成,賛成,賛成,賛成,賛成,賛成,賛成,賛成,賛成,賛成,賛成,賛成,賛成,賛成,賛成,賛成,賛成,賛成,賛成,賛成,賛成,賛成,賛成,賛成,賛成,賛成,賛成,賛成,賛成,賛成,賛成,賛成,投票なし,賛成,賛成,賛成,賛成,賛成,賛成,賛成,賛成,賛成,賛成,賛成,賛成,賛成,賛成,賛成,賛成,賛成,賛成,賛成,賛成,賛成,賛成,賛成,賛成,賛成,賛成,賛成,賛成,賛成,賛成,投票なし,投票なし,投票なし,投票なし,賛成,賛成,賛成,賛成,賛成,賛成,賛成,賛成,賛成,賛成,賛成,賛成,賛成,賛成,賛成,賛成,賛成,賛成,賛成,賛成,賛成,賛成,賛成,賛成,賛成,賛成,賛成,賛成,賛成,賛成,賛成,賛成,賛成,賛成,賛成,賛成,賛成,賛成,賛成,賛成,賛成,賛成,賛成,賛成,賛成,賛成,賛成,賛成,賛成,賛成,賛成,賛成,賛成,賛成
谷合正明,公明党,比例,令和10年7月25日,https://www.sangiin.go.jp/japanese/joho1/kousei/giin/profile/7004036.htm,False,0.0%,賛成,賛成,賛成,賛成,賛成,賛成,賛成,賛成,賛成,賛成,賛成,賛成,賛成,賛成,賛成,賛成,賛成,賛成,賛成,賛成,賛成,賛成,賛成,賛成,賛成,賛成,賛成,賛成,賛成,賛成,賛成,賛成,賛成,賛成,賛成,賛成,賛成,賛成,賛成,賛成,賛成,賛成,賛成,賛成,賛成,賛成,賛成,賛成,賛成,賛成,賛成,賛成,賛成,賛成,賛成,賛成,賛成,賛成,賛成,賛成,賛成,賛成,賛成,賛成,賛成,賛成,賛成,賛成,賛成,賛成,賛成,賛成,賛成,賛成,賛成,賛成,賛成,賛成,賛成,賛成,賛成,賛成,賛成,賛成,賛成,賛成,賛成,賛成,賛成,賛成,賛成,賛成,賛成,賛成,賛成,賛成,賛成,賛成,賛成,賛成,賛成,賛成,賛成,賛成,賛成,賛成,賛成,賛成,賛成,賛成,賛成,賛成,賛成,賛成,賛成,賛成,賛成,賛成,賛成,賛成,賛成,賛成,賛成,賛成,賛成,賛成,賛成,賛成,賛成,賛成,賛成,賛成,賛成,賛成,賛成,賛成
新妻秀規,公明党,,,,False,0.0%,賛成,賛成,賛成,賛成,賛成,賛成,賛成,賛成,賛成,賛成,賛成,賛成,賛成,賛成,賛成,賛成,賛成,賛成,賛成,賛成,賛成,賛成,賛成,賛成,賛成,賛成,賛成,賛成,賛成,賛成,賛成,賛成,賛成,賛成,賛成,賛成,賛成,賛成,賛成,賛成,賛成,賛成,賛成,賛成,賛成,賛成,賛成,賛成,賛成,賛成,賛成,賛成,賛成,賛成,賛成,賛成,賛成,賛成,賛成,賛成,賛成,賛成,賛成,賛成,賛成,賛成,賛成,賛成,賛成,賛成,賛成,賛成,賛成,賛成,賛成,賛成,賛成,賛成,賛成,賛成,賛成,賛成,賛成,賛成,賛成,賛成,賛成,賛成,賛成,賛成,賛成,賛成,賛成,賛成,賛成,賛成,賛成,賛成,賛成,賛成,賛成,賛成,賛成,賛成,賛成,賛成,賛成,賛成,賛成,賛成,賛成,賛成,賛成,賛成,賛成,賛成,賛成,賛成,賛成,賛成,賛成,賛成,賛成,賛成,賛成,賛成,賛成,賛成,賛成,賛成,賛成,賛成,賛成,賛成,賛成,賛成
西田実仁,公明党,埼玉,令和10年7月25日,https://www.sangiin.go.jp/japanese/joho1/kousei/giin/profile/7004043.htm,False,0.0%,賛成,賛成,賛成,賛成,賛成,賛成,賛成,賛成,賛成,賛成,賛成,賛成,賛成,賛成,賛成,賛成,賛成,賛成,賛成,賛成,賛成,賛成,賛成,賛成,賛成,賛成,賛成,賛成,賛成,賛成,賛成,賛成,賛成,賛成,賛成,賛成,賛成,賛成,賛成,賛成,賛成,賛成,賛成,賛成,賛成,賛成,賛成,賛成,賛成,賛成,賛成,賛成,賛成,賛成,賛成,賛成,賛成,賛成,賛成,賛成,賛成,賛成,賛成,賛成,賛成,賛成,賛成,賛成,賛成,賛成,賛成,賛成,賛成,賛成,賛成,賛成,賛成,賛成,賛成,賛成,賛成,賛成,賛成,賛成,賛成,賛成,賛成,賛成,賛成,賛成,賛成,賛成,賛成,賛成,賛成,賛成,賛成,賛成,賛成,賛成,賛成,賛成,賛成,賛成,賛成,賛成,賛成,賛成,賛成,賛成,賛成,賛成,賛成,賛成,賛成,賛成,賛成,賛成,賛成,賛成,賛成,賛成,賛成,賛成,賛成,賛成,賛成,賛成,賛成,賛成,賛成,賛成,賛成,賛成,賛成,賛成
平木大作,公明党,比例,令和13年7月28日,https://www.sangiin.go.jp/japanese/joho1/kousei/giin/profile/7013046.htm,False,5.1%,賛成,賛成,賛成,賛成,賛成,賛成,賛成,賛成,賛成,賛成,賛成,投票なし,投票なし,投票なし,投票なし,投票なし,投票なし,投票なし,賛成,賛成,賛成,賛成,賛成,賛成,賛成,賛成,賛成,賛成,賛成,賛成,賛成,賛成,賛成,賛成,賛成,賛成,賛成,賛成,賛成,賛成,賛成,賛成,賛成,賛成,賛成,賛成,賛成,賛成,賛成,賛成,賛成,賛成,賛成,賛成,賛成,賛成,賛成,賛成,賛成,賛成,賛成,賛成,賛成,賛成,賛成,賛成,賛成,賛成,賛成,賛成,賛成,賛成,賛成,賛成,賛成,賛成,賛成,賛成,賛成,賛成,賛成,賛成,賛成,賛成,賛成,賛成,賛成,賛成,賛成,賛成,賛成,賛成,賛成,賛成,賛成,賛成,賛成,賛成,賛成,賛成,賛成,賛成,賛成,賛成,賛成,賛成,賛成,賛成,賛成,賛成,賛成,賛成,賛成,賛成,賛成,賛成,賛成,賛成,賛成,賛成,賛成,賛成,賛成,賛成,賛成,賛成,賛成,賛成,賛成,賛成,賛成,賛成,賛成,賛成,賛成,賛成
三浦信祐,公明党,神奈川,令和10年7月25日,https://www.sangiin.go.jp/japanese/joho1/kousei/giin/profile/7016036.htm,False,0.0%,賛成,賛成,賛成,賛成,賛成,賛成,賛成,賛成,賛成,賛成,賛成,賛成,賛成,賛成,賛成,賛成,賛成,賛成,賛成,賛成,賛成,賛成,賛成,賛成,賛成,賛成,賛成,賛成,賛成,賛成,賛成,賛成,賛成,賛成,賛成,賛成,賛成,賛成,賛成,賛成,賛成,賛成,賛成,賛成,賛成,賛成,賛成,賛成,賛成,賛成,賛成,賛成,賛成,賛成,賛成,賛成,賛成,賛成,賛成,賛成,賛成,賛成,賛成,賛成,賛成,賛成,賛成,賛成,賛成,賛成,賛成,賛成,賛成,賛成,賛成,賛成,賛成,賛成,賛成,賛成,賛成,賛成,賛成,賛成,賛成,賛成,賛成,賛成,賛成,賛成,賛成,賛成,賛成,賛成,賛成,賛成,賛成,賛成,賛成,賛成,賛成,賛成,賛成,賛成,賛成,賛成,賛成,賛成,賛成,賛成,賛成,賛成,賛成,賛成,賛成,賛成,賛成,賛成,賛成,賛成,賛成,賛成,賛成,賛成,賛成,賛成,賛成,賛成,賛成,賛成,賛成,賛成,賛成,賛成,賛成,賛成
宮崎勝,公明党,比例,令和10年7月25日,https://www.sangiin.go.jp/japanese/joho1/kousei/giin/profile/7016037.htm,False,0.0%,賛成,賛成,賛成,賛成,賛成,賛成,賛成,賛成,賛成,賛成,賛成,賛成,賛成,賛成,賛成,賛成,賛成,賛成,賛成,賛成,賛成,賛成,賛成,賛成,賛成,賛成,賛成,賛成,賛成,賛成,賛成,賛成,賛成,賛成,賛成,賛成,賛成,賛成,賛成,賛成,賛成,賛成,賛成,賛成,賛成,賛成,賛成,賛成,賛成,賛成,賛成,賛成,賛成,賛成,賛成,賛成,賛成,賛成,賛成,賛成,賛成,賛成,賛成,賛成,賛成,賛成,賛成,賛成,賛成,賛成,賛成,賛成,賛成,賛成,賛成,賛成,賛成,賛成,賛成,賛成,賛成,賛成,賛成,賛成,賛成,賛成,賛成,賛成,賛成,賛成,賛成,賛成,賛成,賛成,賛成,賛成,賛成,賛成,賛成,賛成,賛成,賛成,賛成,賛成,賛成,賛成,賛成,賛成,賛成,賛成,賛成,賛成,賛成,賛成,賛成,賛成,賛成,賛成,賛成,賛成,賛成,賛成,賛成,賛成,賛成,賛成,賛成,賛成,賛成,賛成,賛成,賛成,賛成,賛成,賛成,賛成
矢倉克夫,公明党,,,,False,0.0%,賛成,賛成,賛成,賛成,賛成,賛成,賛成,賛成,賛成,賛成,賛成,賛成,賛成,賛成,賛成,賛成,賛成,賛成,賛成,賛成,賛成,賛成,賛成,賛成,賛成,賛成,賛成,賛成,賛成,賛成,賛成,賛成,賛成,賛成,賛成,賛成,賛成,賛成,賛成,賛成,賛成,賛成,賛成,賛成,賛成,賛成,賛成,賛成,賛成,賛成,賛成,賛成,賛成,賛成,賛成,賛成,賛成,賛成,賛成,賛成,賛成,賛成,賛成,賛成,賛成,賛成,賛成,賛成,賛成,賛成,賛成,賛成,賛成,賛成,賛成,賛成,賛成,賛成,賛成,賛成,賛成,賛成,賛成,賛成,賛成,賛成,賛成,賛成,賛成,賛成,賛成,賛成,賛成,賛成,賛成,賛成,賛成,賛成,賛成,賛成,賛成,賛成,賛成,賛成,賛成,賛成,賛成,賛成,賛成,賛成,賛成,賛成,賛成,賛成,賛成,賛成,賛成,賛成,賛成,賛成,賛成,賛成,賛成,賛成,賛成,賛成,賛成,賛成,賛成,賛成,賛成,賛成,賛成,賛成,賛成,賛成
安江伸夫,公明党,,,,False,0.0%,賛成,賛成,賛成,賛成,賛成,賛成,賛成,賛成,賛成,賛成,賛成,賛成,賛成,賛成,賛成,賛成,賛成,賛成,賛成,賛成,賛成,賛成,賛成,賛成,賛成,賛成,賛成,賛成,賛成,賛成,賛成,賛成,賛成,賛成,賛成,賛成,賛成,賛成,賛成,賛成,賛成,賛成,賛成,賛成,賛成,賛成,賛成,賛成,賛成,賛成,賛成,賛成,賛成,賛成,賛成,賛成,賛成,賛成,賛成,賛成,賛成,賛成,賛成,賛成,賛成,賛成,賛成,賛成,賛成,賛成,賛成,賛成,賛成,賛成,賛成,賛成,賛成,賛成,賛成,賛成,賛成,賛成,賛成,賛成,賛成,賛成,賛成,賛成,賛成,賛成,賛成,賛成,賛成,賛成,賛成,賛成,賛成,賛成,賛成,賛成,賛成,賛成,賛成,賛成,賛成,賛成,賛成,賛成,賛成,賛成,賛成,賛成,賛成,賛成,賛成,賛成,賛成,賛成,賛成,賛成,賛成,賛成,賛成,賛成,賛成,賛成,賛成,賛成,賛成,賛成,賛成,賛成,賛成,賛成,賛成,賛成
山口那津男,公明党,,,,False,0.0%,賛成,賛成,賛成,賛成,賛成,賛成,賛成,賛成,賛成,賛成,賛成,賛成,賛成,賛成,賛成,賛成,賛成,賛成,賛成,賛成,賛成,賛成,賛成,賛成,賛成,賛成,賛成,賛成,賛成,賛成,賛成,賛成,賛成,賛成,賛成,賛成,賛成,賛成,賛成,賛成,賛成,賛成,賛成,賛成,賛成,賛成,賛成,賛成,賛成,賛成,賛成,賛成,賛成,賛成,賛成,賛成,賛成,賛成,賛成,賛成,賛成,賛成,賛成,賛成,賛成,賛成,賛成,賛成,賛成,賛成,賛成,賛成,賛成,賛成,賛成,賛成,賛成,賛成,賛成,賛成,賛成,賛成,賛成,賛成,賛成,賛成,賛成,賛成,賛成,賛成,賛成,賛成,賛成,賛成,賛成,賛成,賛成,賛成,賛成,賛成,賛成,賛成,賛成,賛成,賛成,賛成,賛成,賛成,賛成,賛成,賛成,賛成,賛成,賛成,賛成,賛成,賛成,賛成,賛成,賛成,賛成,賛成,賛成,賛成,賛成,賛成,賛成,賛成,賛成,賛成,賛成,賛成,賛成,賛成,賛成,賛成
山本博司,公明党,,,,False,0.0%,賛成,賛成,賛成,賛成,賛成,賛成,賛成,賛成,賛成,賛成,賛成,賛成,賛成,賛成,賛成,賛成,賛成,賛成,賛成,賛成,賛成,賛成,賛成,賛成,賛成,賛成,賛成,賛成,賛成,賛成,賛成,賛成,賛成,賛成,賛成,賛成,賛成,賛成,賛成,賛成,賛成,賛成,賛成,賛成,賛成,賛成,賛成,賛成,賛成,賛成,賛成,賛成,賛成,賛成,賛成,賛成,賛成,賛成,賛成,賛成,賛成,賛成,賛成,賛成,賛成,賛成,賛成,賛成,賛成,賛成,賛成,賛成,賛成,賛成,賛成,賛成,賛成,賛成,賛成,賛成,賛成,賛成,賛成,賛成,賛成,賛成,賛成,賛成,賛成,賛成,賛成,賛成,賛成,賛成,賛成,賛成,賛成,賛成,賛成,賛成,賛成,賛成,賛成,賛成,賛成,賛成,賛成,賛成,賛成,賛成,賛成,賛成,賛成,賛成,賛成,賛成,賛成,賛成,賛成,賛成,賛成,賛成,賛成,賛成,賛成,賛成,賛成,賛成,賛成,賛成,賛成,賛成,賛成,賛成,賛成,賛成
横山信一,公明党,比例,令和10年7月25日,https://www.sangiin.go.jp/japanese/joho1/kousei/giin/profile/7010052.htm,False,18.4%,賛成,賛成,賛成,賛成,賛成,賛成,賛成,賛成,賛成,賛成,賛成,賛成,賛成,賛成,賛成,賛成,賛成,賛成,賛成,賛成,賛成,賛成,賛成,賛成,賛成,賛成,賛成,賛成,投票なし,投票なし,投票なし,投票なし,投票なし,投票なし,投票なし,投票なし,投票なし,投票なし,投票なし,投票なし,投票なし,賛成,賛成,賛成,賛成,賛成,賛成,賛成,賛成,賛成,賛成,賛成,賛成,賛成,賛成,賛成,賛成,賛成,賛成,賛成,賛成,賛成,賛成,賛成,賛成,賛成,賛成,賛成,賛成,賛成,賛成,賛成,賛成,賛成,賛成,賛成,賛成,賛成,賛成,賛成,賛成,賛成,賛成,賛成,賛成,賛成,賛成,賛成,賛成,賛成,賛成,賛成,賛成,賛成,賛成,賛成,賛成,賛成,賛成,賛成,賛成,賛成,賛成,賛成,賛成,賛成,賛成,賛成,賛成,賛成,賛成,賛成,賛成,賛成,賛成,賛成,賛成,賛成,賛成,賛成,賛成,賛成,賛成,賛成,投票なし,投票なし,投票なし,投票なし,投票なし,投票なし,投票なし,投票なし,投票なし,投票なし,投票なし,投票なし
若松謙維,公明党,,,,False,0.0%,賛成,賛成,賛成,賛成,賛成,賛成,賛成,賛成,賛成,賛成,賛成,賛成,賛成,賛成,賛成,賛成,賛成,賛成,賛成,賛成,賛成,賛成,賛成,賛成,賛成,賛成,賛成,賛成,賛成,賛成,賛成,賛成,賛成,賛成,賛成,賛成,賛成,賛成,賛成,賛成,賛成,賛成,賛成,賛成,賛成,賛成,賛成,賛成,賛成,賛成,賛成,賛成,賛成,賛成,賛成,賛成,賛成,賛成,賛成,賛成,賛成,賛成,賛成,賛成,賛成,賛成,賛成,賛成,賛成,賛成,賛成,賛成,賛成,賛成,賛成,賛成,賛成,賛成,賛成,賛成,賛成,賛成,賛成,賛成,賛成,賛成,賛成,賛成,賛成,賛成,賛成,賛成,賛成,賛成,賛成,賛成,賛成,賛成,賛成,賛成,賛成,賛成,賛成,賛成,賛成,賛成,賛成,賛成,賛成,賛成,賛成,賛成,賛成,賛成,賛成,賛成,賛成,賛成,賛成,賛成,賛成,賛成,賛成,賛成,賛成,賛成,賛成,賛成,賛成,賛成,賛成,賛成,賛成,賛成,賛成,賛成
青島健太,日本維新の会,比例,令和10年7月25日,https://www.sangiin.go.jp/japanese/joho1/kousei/giin/profile/7022002.htm,False,0.0%,反対,反対,賛成,賛成,賛成,賛成,賛成,賛成,賛成,賛成,反対,反対,賛成,反対,反対,賛成,賛成,賛成,賛成,賛成,賛成,賛成,賛成,賛成,賛成,賛成,賛成,賛成,賛成,賛成,賛成,賛成,賛成,賛成,賛成,反対,反対,反対,反対,賛成,賛成,賛成,賛成,賛成,賛成,賛成,賛成,賛成,賛成,賛成,賛成,賛成,賛成,賛成,賛成,賛成,反対,賛成,賛成,反対,賛成,賛成,賛成,賛成,賛成,賛成,賛成,賛成,賛成,賛成,賛成,賛成,賛成,賛成,賛成,賛成,賛成,賛成,賛成,賛成,賛成,賛成,賛成,賛成,賛成,賛成,賛成,賛成,賛成,賛成,賛成,賛成,賛成,賛成,賛成,賛成,賛成,賛成,賛成,賛成,賛成,賛成,賛成,賛成,賛成,賛成,賛成,賛成,賛成,賛成,賛成,賛成,賛成,賛成,賛成,賛成,賛成,賛成,賛成,賛成,賛成,賛成,賛成,賛成,賛成,賛成,賛成,賛成,賛成,賛成,賛成,賛成,賛成,賛成,賛成,賛成
浅田均,日本維新の会,大阪,令和10年7月25日,https://www.sangiin.go.jp/japanese/joho1/kousei/giin/profile/7016003.htm,False,0.0%,反対,反対,賛成,賛成,賛成,賛成,賛成,賛成,賛成,賛成,反対,反対,賛成,反対,反対,賛成,賛成,賛成,賛成,賛成,賛成,賛成,賛成,賛成,賛成,賛成,賛成,賛成,賛成,賛成,賛成,賛成,賛成,賛成,賛成,反対,反対,反対,反対,賛成,賛成,賛成,賛成,賛成,賛成,賛成,賛成,賛成,賛成,賛成,賛成,賛成,賛成,賛成,賛成,賛成,反対,賛成,賛成,反対,賛成,賛成,賛成,賛成,賛成,賛成,賛成,賛成,賛成,賛成,賛成,賛成,賛成,賛成,賛成,賛成,賛成,賛成,賛成,賛成,賛成,賛成,賛成,賛成,賛成,賛成,賛成,賛成,賛成,賛成,賛成,賛成,賛成,賛成,賛成,賛成,賛成,賛成,賛成,賛成,賛成,賛成,賛成,賛成,賛成,賛成,賛成,賛成,賛成,賛成,賛成,賛成,賛成,賛成,賛成,賛成,賛成,賛成,賛成,賛成,賛成,賛成,賛成,賛成,賛成,賛成,賛成,賛成,賛成,賛成,賛成,賛成,賛成,賛成,賛成,賛成
石井章,日本維新の会,比例,令和10年7月25日,https://www.sangiin.go.jp/japanese/joho1/kousei/giin/profile/7016008.htm,False,0.7%,反対,反対,賛成,賛成,賛成,賛成,賛成,賛成,賛成,賛成,反対,反対,賛成,反対,反対,賛成,賛成,賛成,賛成,賛成,賛成,賛成,賛成,賛成,賛成,賛成,賛成,賛成,賛成,賛成,賛成,賛成,賛成,賛成,賛成,反対,反対,反対,反対,賛成,賛成,賛成,賛成,賛成,賛成,賛成,賛成,賛成,賛成,賛成,賛成,賛成,賛成,賛成,賛成,賛成,反対,賛成,賛成,反対,賛成,賛成,賛成,賛成,賛成,賛成,賛成,賛成,賛成,賛成,賛成,賛成,賛成,賛成,賛成,賛成,賛成,賛成,賛成,賛成,賛成,賛成,賛成,賛成,賛成,賛成,賛成,賛成,賛成,賛成,賛成,賛成,賛成,賛成,賛成,賛成,賛成,賛成,賛成,賛成,賛成,賛成,賛成,賛成,賛成,賛成,賛成,賛成,賛成,賛成,賛成,賛成,賛成,賛成,賛成,賛成,賛成,賛成,賛成,賛成,賛成,賛成,賛成,賛成,賛成,賛成,賛成,賛成,賛成,投票なし,賛成,賛成,賛成,賛成,賛成,賛成
石井苗子,日本維新の会,比例,令和10年7月25日,https://www.sangiin.go.jp/japanese/joho1/kousei/giin/profile/7016009.htm,False,0.0%,反対,反対,賛成,賛成,賛成,賛成,賛成,賛成,賛成,賛成,反対,反対,賛成,反対,反対,賛成,賛成,賛成,賛成,賛成,賛成,賛成,賛成,賛成,賛成,賛成,賛成,賛成,賛成,賛成,賛成,賛成,賛成,賛成,賛成,反対,反対,反対,反対,反対,賛成,賛成,賛成,賛成,賛成,賛成,賛成,賛成,賛成,賛成,賛成,賛成,賛成,賛成,賛成,賛成,反対,賛成,賛成,反対,賛成,賛成,賛成,賛成,賛成,賛成,賛成,賛成,賛成,賛成,賛成,賛成,賛成,賛成,賛成,賛成,賛成,賛成,賛成,賛成,賛成,賛成,賛成,賛成,賛成,賛成,賛成,賛成,賛成,賛成,賛成,賛成,賛成,賛成,賛成,賛成,賛成,賛成,賛成,賛成,賛成,賛成,賛成,賛成,賛成,賛成,賛成,賛成,賛成,賛成,賛成,賛成,賛成,賛成,賛成,賛成,賛成,賛成,賛成,賛成,賛成,賛成,賛成,賛成,賛成,賛成,賛成,賛成,賛成,賛成,賛成,賛成,賛成,賛成,賛成,賛成
猪瀬直樹,日本維新の会,比例,令和10年7月25日,https://www.sangiin.go.jp/japanese/joho1/kousei/giin/profile/7022005.htm,False,0.0%,反対,反対,賛成,賛成,賛成,賛成,賛成,賛成,賛成,賛成,反対,反対,賛成,反対,反対,賛成,賛成,賛成,賛成,賛成,賛成,賛成,賛成,賛成,賛成,賛成,賛成,賛成,賛成,賛成,賛成,賛成,賛成,賛成,賛成,反対,反対,反対,反対,賛成,賛成,賛成,賛成,賛成,賛成,賛成,賛成,賛成,賛成,賛成,賛成,賛成,賛成,賛成,賛成,賛成,反対,賛成,賛成,反対,賛成,賛成,賛成,賛成,賛成,賛成,賛成,賛成,賛成,賛成,賛成,賛成,賛成,賛成,賛成,賛成,賛成,賛成,賛成,賛成,賛成,賛成,賛成,賛成,賛成,賛成,賛成,賛成,賛成,賛成,賛成,賛成,賛成,賛成,賛成,賛成,賛成,賛成,賛成,賛成,賛成,賛成,賛成,賛成,賛成,賛成,賛成,賛成,賛成,賛成,賛成,賛成,賛成,賛成,賛成,賛成,賛成,賛成,賛成,賛成,賛成,賛成,賛成,賛成,賛成,賛成,賛成,賛成,賛成,賛成,賛成,賛成,賛成,賛成,賛成,賛成
嘉田由紀子,日本維新の会,比例,令和13年7月28日,https://www.sangiin.go.jp/japanese/joho1/kousei/giin/profile/7019012.htm,False,3.7%,反対,反対,賛成,賛成,賛成,賛成,賛成,賛成,賛成,賛成,反対,反対,賛成,反対,反対,賛成,投票なし,賛成,賛成,賛成,賛成,賛成,賛成,賛成,賛成,賛成,賛成,賛成,賛成,賛成,賛成,賛成,賛成,賛成,賛成,反対,反対,反対,反対,賛成,賛成,賛成,賛成,賛成,賛成,賛成,賛成,賛成,賛成,賛成,賛成,賛成,賛成,投票なし,賛成,賛成,反対,賛成,賛成,反対,賛成,賛成,賛成,賛成,賛成,賛成,賛成,賛成,賛成,賛成,賛成,賛成,賛成,賛成,賛成,賛成,賛成,賛成,賛成,賛成,賛成,賛成,賛成,賛成,賛成,賛成,賛成,賛成,賛成,賛成,賛成,賛成,賛成,賛成,賛成,賛成,賛成,賛成,賛成,賛成,賛成,賛成,賛成,投票なし,賛成,賛成,賛成,賛成,賛成,賛成,賛成,賛成,賛成,賛成,賛成,投票なし,賛成,賛成,賛成,賛成,賛成,賛成,賛成,賛成,賛成,賛成,賛成,賛成,賛成,賛成,賛成,投票なし,賛成,賛成,賛成,賛成
片山大介,日本維新の会,兵庫,令和10年7月25日,https://www.sangiin.go.jp/japanese/joho1/kousei/giin/profile/7016014.htm,False,2.9%,反対,反対,賛成,賛成,賛成,賛成,賛成,賛成,投票なし,賛成,投票なし,反対,賛成,反対,反対,賛成,賛成,賛成,賛成,賛成,賛成,賛成,賛成,賛成,賛成,賛成,賛成,賛成,賛成,賛成,賛成,賛成,賛成,賛成,賛成,反対,反対,反対,反対,賛成,賛成,賛成,賛成,賛成,賛成,賛成,賛成,賛成,賛成,賛成,賛成,賛成,賛成,賛成,賛成,賛成,反対,賛成,賛成,反対,賛成,賛成,賛成,賛成,賛成,賛成,賛成,賛成,賛成,賛成,賛成,賛成,賛成,賛成,賛成,賛成,賛成,賛成,賛成,賛成,賛成,賛成,賛成,賛成,賛成,賛成,賛成,賛成,賛成,賛成,賛成,賛成,賛成,賛成,賛成,賛成,賛成,賛成,賛成,賛成,賛成,賛成,賛成,賛成,賛成,賛成,賛成,賛成,賛成,賛成,投票なし,賛成,賛成,投票なし,賛成,賛成,賛成,賛成,賛成,賛成,賛成,賛成,賛成,賛成,賛成,賛成,賛成,賛成,賛成,賛成,賛成,賛成,賛成,賛成,賛成,賛成
金子道仁,日本維新の会,比例,令和10年7月25日,https://www.sangiin.go.jp/japanese/joho1/kousei/giin/profile/7022013.htm,False,0.0%,反対,反対,賛成,賛成,賛成,賛成,賛成,賛成,賛成,賛成,反対,反対,賛成,反対,反対,賛成,賛成,賛成,賛成,賛成,賛成,賛成,賛成,賛成,賛成,賛成,賛成,賛成,賛成,賛成,賛成,賛成,賛成,賛成,賛成,反対,反対,反対,反対,賛成,賛成,賛成,賛成,賛成,賛成,賛成,賛成,賛成,賛成,賛成,賛成,賛成,賛成,賛成,賛成,賛成,反対,賛成,賛成,反対,賛成,賛成,賛成,賛成,賛成,賛成,賛成,賛成,賛成,賛成,賛成,賛成,賛成,賛成,賛成,賛成,賛成,賛成,賛成,賛成,賛成,賛成,賛成,賛成,賛成,賛成,賛成,賛成,賛成,賛成,賛成,賛成,賛成,賛成,賛成,賛成,賛成,賛成,賛成,賛成,賛成,賛成,賛成,賛成,賛成,賛成,賛成,賛成,賛成,賛成,賛成,賛成,賛成,賛成,賛成,賛成,賛成,賛成,賛成,賛成,賛成,賛成,賛成,賛成,賛成,賛成,賛成,賛成,賛成,賛成,賛成,賛成,賛成,賛成,賛成,賛成
串田誠一,日本維新の会,比例,令和10年7月25日,https://www.sangiin.go.jp/japanese/joho1/kousei/giin/profile/7022016.htm,False,0.0%,反対,反対,賛成,賛成,賛成,賛成,賛成,賛成,賛成,賛成,反対,反対,賛成,反対,反対,賛成,賛成,賛成,賛成,賛成,賛成,賛成,賛成,賛成,賛成,賛成,賛成,賛成,賛成,賛成,賛成,賛成,賛成,賛成,賛成,反対,反対,反対,反対,賛成,賛成,賛成,賛成,賛成,賛成,賛成,賛成,賛成,賛成,賛成,賛成,賛成,賛成,賛成,賛成,賛成,反対,賛成,賛成,反対,賛成,賛成,賛成,賛成,賛成,賛成,賛成,賛成,賛成,賛成,賛成,賛成,賛成,賛成,賛成,賛成,賛成,賛成,賛成,賛成,賛成,賛成,賛成,賛成,賛成,賛成,賛成,賛成,賛成,賛成,賛成,賛成,賛成,賛成,賛成,賛成,賛成,賛成,賛成,賛成,賛成,賛成,賛成,賛成,賛成,賛成,賛成,賛成,賛成,賛成,賛成,賛成,賛成,賛成,賛成,賛成,賛成,賛成,賛成,賛成,賛成,賛成,賛成,賛成,賛成,賛成,賛成,賛成,賛成,賛成,賛成,賛成,賛成,賛成,賛成,賛成
柴田巧,日本維新の会,比例,令和13年7月28日,https://www.sangiin.go.jp/japanese/joho1/kousei/giin/profile/7010029.htm,False,0.0%,反対,反対,賛成,賛成,賛成,賛成,賛成,賛成,賛成,賛成,反対,反対,賛成,反対,反対,賛成,賛成,賛成,賛成,賛成,賛成,賛成,賛成,賛成,賛成,賛成,賛成,賛成,賛成,賛成,賛成,賛成,賛成,賛成,賛成,反対,反対,反対,反対,賛成,賛成,賛成,賛成,賛成,賛成,賛成,賛成,賛成,賛成,賛成,賛成,賛成,賛成,賛成,賛成,賛成,反対,賛成,賛成,反対,賛成,賛成,賛成,賛成,賛成,賛成,賛成,賛成,賛成,賛成,賛成,賛成,賛成,賛成,賛成,賛成,賛成,賛成,賛成,賛成,賛成,賛成,賛成,賛成,賛成,賛成,賛成,賛成,賛成,賛成,賛成,賛成,賛成,賛成,賛成,賛成,賛成,賛成,賛成,賛成,賛成,賛成,賛成,賛成,賛成,賛成,賛成,賛成,賛成,賛成,賛成,賛成,賛成,賛成,賛成,賛成,賛成,賛成,賛成,賛成,賛成,賛成,賛成,賛成,賛成,賛成,賛成,賛成,賛成,賛成,賛成,賛成,賛成,賛成,賛成,賛成
高木かおり,日本維新の会,大阪,令和10年7月25日,https://www.sangiin.go.jp/japanese/joho1/kousei/giin/profile/7016026.htm,False,0.7%,反対,反対,賛成,賛成,賛成,賛成,賛成,賛成,賛成,賛成,反対,反対,賛成,反対,反対,賛成,賛成,賛成,賛成,賛成,賛成,賛成,賛成,賛成,賛成,賛成,賛成,賛成,賛成,賛成,賛成,賛成,賛成,賛成,賛成,反対,反対,反対,反対,賛成,賛成,賛成,賛成,賛成,賛成,賛成,賛成,賛成,賛成,賛成,賛成,賛成,賛成,賛成,賛成,賛成,反対,賛成,賛成,反対,賛成,賛成,賛成,賛成,賛成,賛成,賛成,賛成,賛成,賛成,賛成,賛成,賛成,賛成,賛成,賛成,賛成,賛成,賛成,賛成,賛成,賛成,賛成,賛成,賛成,賛成,賛成,賛成,賛成,賛成,賛成,賛成,賛成,賛成,賛成,賛成,賛成,賛成,賛成,賛成,賛成,賛成,賛成,賛成,賛成,賛成,賛成,賛成,賛成,賛成,賛成,賛成,賛成,賛成,賛成,賛成,賛成,賛成,賛成,賛成,賛成,賛成,賛成,賛成,賛成,賛成,賛成,賛成,賛成,賛成,賛成,賛成,賛成,賛成,賛成,投票なし
中条きよし,日本維新の会,比例,令和10年7月25日,https://www.sangiin.go.jp/japanese/joho1/kousei/giin/profile/7022029.htm,False,11.8%,反対,反対,賛成,賛成,賛成,賛成,賛成,賛成,賛成,賛成,反対,反対,賛成,反対,反対,賛成,賛成,賛成,賛成,賛成,賛成,賛成,賛成,賛成,賛成,賛成,賛成,賛成,賛成,賛成,賛成,賛成,賛成,賛成,賛成,反対,反対,反対,反対,賛成,賛成,賛成,賛成,賛成,賛成,賛成,賛成,賛成,賛成,賛成,賛成,投票なし,賛成,賛成,賛成,賛成,反対,賛成,賛成,反対,投票なし,賛成,賛成,賛成,賛成,賛成,賛成,賛成,賛成,賛成,賛成,賛成,賛成,賛成,賛成,賛成,賛成,賛成,賛成,賛成,賛成,賛成,賛成,賛成,賛成,賛成,賛成,賛成,賛成,賛成,賛成,賛成,賛成,賛成,賛成,賛成,賛成,賛成,賛成,賛成,賛成,賛成,賛成,賛成,賛成,賛成,賛成,賛成,賛成,賛成,賛成,賛成,賛成,賛成,賛成,賛成,賛成,賛成,賛成,賛成,賛成,賛成,投票なし,投票なし,投票なし,投票なし,投票なし,投票なし,投票なし,投票なし,投票なし,投票なし,投票なし,投票なし,投票なし,投票なし
藤巻健史,日本維新の会,,,,False,0.0%,反対,反対,賛成,賛成,賛成,賛成,賛成,賛成,賛成,賛成,反対,反対,賛成,反対,反対,賛成,賛成,賛成,賛成,賛成,賛成,賛成,賛成,賛成,賛成,賛成,賛成,賛成,賛成,賛成,賛成,賛成,賛成,賛成,賛成,反対,反対,反対,反対,賛成,賛成,賛成,賛成,賛成,賛成,賛成,賛成,賛成,賛成,賛成,賛成,賛成,賛成,賛成,賛成,賛成,反対,賛成,賛成,反対,賛成,賛成,賛成,賛成,賛成,賛成,賛成,賛成,賛成,賛成,賛成,賛成,賛成,賛成,賛成,賛成,賛成,賛成,賛成,賛成,賛成,賛成,賛成,賛成,賛成,賛成,賛成,賛成,賛成,賛成,賛成,賛成,賛成,賛成,賛成,賛成,賛成,賛成,賛成,賛成,賛成,賛成,賛成,賛成,賛成,賛成,賛成,賛成,賛成,賛成,賛成,賛成,賛成,賛成,賛成,賛成,賛成,賛成,賛成,賛成,賛成,賛成,賛成,賛成,賛成,賛成,賛成,賛成,賛成,賛成,賛成,賛成,賛成,賛成,賛成,賛成
松沢成文,日本維新の会,神奈川,令和10年7月25日,https://www.sangiin.go.jp/japanese/joho1/kousei/giin/profile/7013050.htm,False,5.9%,反対,反対,賛成,賛成,賛成,賛成,賛成,賛成,賛成,賛成,反対,反対,賛成,反対,反対,賛成,賛成,賛成,賛成,賛成,賛成,賛成,賛成,賛成,賛成,賛成,投票なし,投票なし,賛成,賛成,賛成,賛成,賛成,賛成,賛成,反対,反対,反対,反対,賛成,賛成,投票なし,投票なし,投票なし,賛成,賛成,賛成,賛成,賛成,賛成,賛成,賛成,賛成,賛成,賛成,賛成,反対,賛成,賛成,反対,賛成,賛成,賛成,賛成,賛成,賛成,賛成,賛成,賛成,賛成,投票なし,賛成,賛成,賛成,賛成,賛成,賛成,賛成,賛成,賛成,賛成,賛成,賛成,賛成,賛成,賛成,賛成,賛成,賛成,賛成,賛成,賛成,賛成,賛成,賛成,賛成,賛成,賛成,賛成,賛成,賛成,賛成,賛成,賛成,賛成,賛成,賛成,賛成,賛成,賛成,賛成,賛成,賛成,賛成,賛成,賛成,投票なし,賛成,賛成,賛成,賛成,賛成,賛成,賛成,賛成,賛成,賛成,賛成,賛成,賛成,賛成,賛成,賛成,賛成,投票なし,賛成
松野明美,日本維新の会,比例,令和10年7月25日,https://www.sangiin.go.jp/japanese/joho1/kousei/giin/profile/7022036.htm,False,1.5%,反対,反対,賛成,賛成,賛成,賛成,賛成,賛成,賛成,賛成,反対,賛成,賛成,反対,反対,賛成,賛成,賛成,賛成,賛成,賛成,賛成,賛成,賛成,賛成,賛成,賛成,賛成,賛成,賛成,賛成,賛成,賛成,賛成,賛成,反対,反対,反対,反対,賛成,賛成,賛成,賛成,賛成,賛成,賛成,賛成,賛成,賛成,賛成,賛成,賛成,賛成,賛成,賛成,賛成,反対,賛成,賛成,反対,賛成,賛成,賛成,賛成,賛成,賛成,賛成,賛成,賛成,賛成,賛成,賛成,賛成,賛成,賛成,賛成,賛成,賛成,賛成,賛成,賛成,賛成,賛成,賛成,賛成,賛成,賛成,賛成,賛成,賛成,賛成,賛成,賛成,賛成,賛成,賛成,賛成,賛成,賛成,賛成,賛成,賛成,賛成,賛成,賛成,賛成,賛成,賛成,賛成,賛成,賛成,賛成,賛成,賛成,賛成,賛成,賛成,賛成,賛成,賛成,賛成,賛成,投票なし,投票なし,賛成,賛成,賛成,賛成,賛成,賛成,賛成,賛成,賛成,賛成,賛成,賛成
柳ヶ瀬裕文,日本維新の会,,,,False,0.7%,反対,反対,賛成,賛成,賛成,賛成,賛成,賛成,賛成,賛成,反対,反対,賛成,反対,反対,賛成,賛成,賛成,賛成,賛成,賛成,賛成,賛成,賛成,投票なし,賛成,賛成,賛成,賛成,賛成,賛成,賛成,賛成,賛成,賛成,反対,反対,反対,反対,賛成,賛成,賛成,賛成,賛成,賛成,賛成,賛成,賛成,賛成,賛成,賛成,賛成,賛成,賛成,賛成,賛成,反対,賛成,賛成,反対,賛成,賛成,賛成,賛成,賛成,賛成,賛成,賛成,賛成,賛成,賛成,賛成,賛成,賛成,賛成,賛成,賛成,賛成,賛成,賛成,賛成,賛成,賛成,賛成,賛成,賛成,賛成,賛成,賛成,賛成,賛成,賛成,賛成,賛成,賛成,賛成,賛成,賛成,賛成,賛成,賛成,賛成,賛成,賛成,賛成,賛成,賛成,賛成,賛成,賛成,賛成,賛成,賛成,賛成,賛成,賛成,賛成,賛成,賛成,賛成,賛成,賛成,賛成,賛成,賛成,賛成,賛成,賛成,賛成,賛成,賛成,賛成,賛成,賛成,賛成,賛成
山口和之,日本維新の会,,,,False,1.5%,反対,反対,賛成,賛成,賛成,賛成,賛成,賛成,賛成,賛成,反対,反対,賛成,反対,反対,賛成,賛成,賛成,賛成,賛成,賛成,賛成,賛成,賛成,賛成,賛成,賛成,賛成,賛成,賛成,賛成,賛成,賛成,賛成,賛成,反対,反対,反対,反対,賛成,賛成,賛成,賛成,賛成,賛成,賛成,賛成,賛成,賛成,賛成,賛成,賛成,賛成,賛成,賛成,賛成,反対,賛成,賛成,反対,賛成,賛成,投票なし,投票なし,賛成,賛成,賛成,賛成,賛成,賛成,賛成,賛成,賛成,賛成,賛成,賛成,賛成,賛成,賛成,賛成,賛成,賛成,賛成,賛成,賛成,賛成,賛成,賛成,賛成,賛成,賛成,賛成,賛成,賛成,賛成,賛成,賛成,賛成,賛成,賛成,賛成,賛成,賛成,賛成,賛成,賛成,賛成,賛成,賛成,賛成,賛成,賛成,賛成,賛成,賛成,賛成,賛成,賛成,賛成,賛成,賛成,賛成,賛成,賛成,賛成,賛成,賛成,賛成,賛成,賛成,賛成,賛成,賛成,賛成,賛成,賛成
伊藤孝恵,国民民主党・新緑風会,愛知,令和10年7月25日,https://www.sangiin.go.jp/japanese/joho1/kousei/giin/profile/7016006.htm,False,0.0%,賛成,賛成,賛成,賛成,賛成,賛成,賛成,賛成,賛成,賛成,反対,反対,賛成,反対,反対,賛成,反対,賛成,賛成,賛成,賛成,賛成,賛成,賛成,賛成,賛成,賛成,賛成,賛成,賛成,賛成,賛成,賛成,賛成,賛成,賛成,賛成,賛成,賛成,賛成,賛成,賛成,賛成,賛成,賛成,賛成,賛成,賛成,賛成,賛成,賛成,賛成,賛成,賛成,賛成,賛成,賛成,賛成,賛成,賛成,賛成,賛成,賛成,賛成,賛成,賛成,賛成,賛成,賛成,賛成,賛成,賛成,賛成,賛成,賛成,賛成,賛成,賛成,賛成,賛成,賛成,賛成,賛成,賛成,賛成,賛成,賛成,賛成,賛成,賛成,賛成,賛成,賛成,賛成,賛成,賛成,反対,反対,反対,賛成,賛成,賛成,賛成,反対,賛成,反対,反対,賛成,賛成,賛成,賛成,賛成,賛成,賛成,賛成,賛成,賛成,賛成,賛成,賛成,賛成,賛成,賛成,賛成,賛成,賛成,賛成,賛成,賛成,賛成,賛成,賛成,賛成,賛成,賛成,賛成
礒崎哲史,国民民主党・新緑風会,比例,令和13年7月28日,https://www.sangiin.go.jp/japanese/joho1/kousei/giin/profile/7013011.htm,False,0.0%,賛成,賛成,賛成,賛成,賛成,賛成,賛成,賛成,賛成,賛成,反対,反対,賛成,反対,反対,賛成,反対,賛成,賛成,賛成,賛成,賛成,賛成,賛成,賛成,賛成,賛成,賛成,賛成,賛成,賛成,賛成,賛成,賛成,賛成,賛成,賛成,賛成,賛成,賛成,賛成,賛成,賛成,賛成,賛成,賛成,賛成,賛成,賛成,賛成,賛成,賛成,賛成,賛成,賛成,賛成,賛成,賛成,賛成,賛成,賛成,賛成,賛成,賛成,賛成,賛成,賛成,賛成,賛成,賛成,賛成,賛成,賛成,賛成,賛成,賛成,賛成,賛成,賛成,賛成,賛成,賛成,賛成,賛成,賛成,賛成,賛成,賛成,賛成,賛成,賛成,賛成,賛成,賛成,賛成,賛成,反対,反対,反対,賛成,賛成,賛成,賛成,反対,賛成,反対,反対,賛成,賛成,賛成,賛成,賛成,賛成,賛成,賛成,賛成,賛成,賛成,賛成,賛成,賛成,賛成,賛成,賛成,賛成,賛成,賛成,賛成,賛成,賛成,賛成,賛成,賛成,賛成,賛成,賛成
上田清司,国民民主党・新緑風会,埼玉,令和10年7月25日,https://www.sangiin.go.jp/japanese/joho1/kousei/giin/profile/7019042.htm,False,0.7%,賛成,賛成,賛成,賛成,賛成,賛成,賛成,賛成,賛成,賛成,反対,反対,賛成,反対,反対,賛成,反対,賛成,賛成,賛成,賛成,賛成,賛成,賛成,賛成,賛成,賛成,賛成,賛成,賛成,賛成,賛成,賛成,賛成,賛成,賛成,賛成,賛成,賛成,賛成,賛成,賛成,賛成,賛成,賛成,賛成,賛成,賛成,賛成,賛成,賛成,賛成,賛成,投票なし,賛成,賛成,賛成,賛成,賛成,賛成,賛成,賛成,賛成,賛成,賛成,賛成,賛成,賛成,賛成,賛成,賛成,賛成,賛成,賛成,賛成,賛成,賛成,賛成,賛成,賛成,賛成,賛成,賛成,賛成,賛成,賛成,賛成,賛成,賛成,賛成,賛成,賛成,賛成,賛成,賛成,賛成,反対,反対,反対,賛成,賛成,賛成,賛成,反対,賛成,反対,反対,賛成,賛成,賛成,賛成,賛成,賛成,賛成,賛成,賛成,賛成,賛成,賛成,賛成,賛成,賛成,賛成,賛成,賛成,賛成,賛成,賛成,賛成,賛成,賛成,賛成,賛成,賛成,賛成,賛成
川合孝典,国民民主党・新緑風会,比例,令和10年7月25日,https://www.sangiin.go.jp/japanese/joho1/kousei/giin/profile/7007022.htm,False,0.0%,賛成,賛成,賛成,賛成,賛成,賛成,賛成,賛成,賛成,賛成,反対,反対,賛成,反対,反対,賛成,反対,賛成,賛成,賛成,賛成,賛成,賛成,賛成,賛成,賛成,賛成,賛成,賛成,賛成,賛成,賛成,賛成,賛成,賛成,賛成,賛成,賛成,賛成,賛成,賛成,賛成,賛成,賛成,賛成,賛成,賛成,賛成,賛成,賛成,賛成,賛成,賛成,賛成,賛成,賛成,賛成,賛成,賛成,賛成,賛成,賛成,賛成,賛成,賛成,賛成,賛成,賛成,賛成,賛成,賛成,賛成,賛成,賛成,賛成,賛成,賛成,賛成,賛成,賛成,賛成,賛成,賛成,賛成,賛成,賛成,賛成,賛成,賛成,賛成,賛成,賛成,賛成,賛成,賛成,賛成,反対,反対,反対,賛成,賛成,賛成,賛成,反対,賛成,反対,反対,賛成,賛成,賛成,賛成,賛成,賛成,賛成,賛成,賛成,賛成,賛成,賛成,賛成,賛成,賛成,賛成,賛成,賛成,賛成,賛成,賛成,賛成,賛成,賛成,賛成,賛成,賛成,賛成,賛成
榛葉賀津也,国民民主党・新緑風会,静岡,令和13年7月28日,https://www.sangiin.go.jp/japanese/joho1/kousei/giin/profile/7001027.htm,False,0.7%,賛成,賛成,賛成,賛成,賛成,賛成,賛成,賛成,賛成,賛成,反対,反対,賛成,反対,反対,賛成,反対,賛成,賛成,賛成,賛成,賛成,賛成,賛成,賛成,賛成,賛成,賛成,賛成,賛成,賛成,賛成,賛成,賛成,賛成,賛成,賛成,賛成,賛成,賛成,賛成,賛成,賛成,賛成,賛成,賛成,賛成,投票なし,賛成,賛成,賛成,賛成,賛成,賛成,賛成,賛成,賛成,賛成,賛成,賛成,賛成,賛成,賛成,賛成,賛成,賛成,賛成,賛成,賛成,賛成,賛成,賛成,賛成,賛成,賛成,賛成,賛成,賛成,賛成,賛成,賛成,賛成,賛成,賛成,賛成,賛成,賛成,賛成,賛成,賛成,賛成,賛成,賛成,賛成,賛成,賛成,反対,反対,反対,賛成,賛成,賛成,賛成,反対,賛成,反対,反対,賛成,賛成,賛成,賛成,賛成,賛成,賛成,賛成,賛成,賛成,賛成,賛成,賛成,賛成,賛成,賛成,賛成,賛成,賛成,賛成,賛成,賛成,賛成,賛成,賛成,賛成,賛成,賛成,賛成
田村まみ,国民民主党・新緑風会,比例,令和13年7月28日,https://www.sangiin.go.jp/japanese/joho1/kousei/giin/profile/7019025.htm,False,0.7%,賛成,賛成,賛成,賛成,賛成,賛成,賛成,賛成,賛成,賛成,反対,反対,賛成,反対,反対,賛成,反対,賛成,賛成,賛成,賛成,賛成,賛成,賛成,賛成,賛成,賛成,賛成,賛成,賛成,賛成,賛成,賛成,賛成,賛成,賛成,賛成,賛成,賛成,賛成,賛成,賛成,賛成,賛成,賛成,賛成,賛成,賛成,賛成,賛成,賛成,賛成,賛成,賛成,賛成,賛成,賛成,賛成,賛成,賛成,賛成,賛成,賛成,賛成,賛成,賛成,賛成,賛成,賛成,賛成,賛成,賛成,賛成,賛成,賛成,賛成,賛成,賛成,賛成,賛成,賛成,賛成,賛成,賛成,賛成,賛成,賛成,賛成,賛成,賛成,賛成,賛成,賛成,賛成,賛成,賛成,反対,反対,反対,賛成,賛成,賛成,賛成,反対,賛成,反対,反対,賛成,賛成,賛成,賛成,賛成,賛成,賛成,賛成,賛成,賛成,賛成,賛成,賛成,賛成,賛成,賛成,賛成,賛成,賛成,賛成,賛成,賛成,賛成,賛成,賛成,賛成,賛成,投票なし,賛成
竹詰仁,国民民主党・新緑風会,比例,令和10年7月25日,https://www.sangiin.go.jp/japanese/joho1/kousei/giin/profile/7022024.htm,False,0.0%,賛成,賛成,賛成,賛成,賛成,賛成,賛成,賛成,賛成,賛成,反対,反対,賛成,反対,反対,賛成,反対,賛成,賛成,賛成,賛成,賛成,賛成,賛成,賛成,賛成,賛成,賛成,賛成,賛成,賛成,賛成,賛成,賛成,賛成,賛成,賛成,賛成,賛成,賛成,賛成,賛成,賛成,賛成,賛成,賛成,賛成,賛成,賛成,賛成,賛成,賛成,賛成,賛成,賛成,賛成,賛成,賛成,賛成,賛成,賛成,賛成,賛成,賛成,賛成,賛成,賛成,賛成,賛成,賛成,賛成,賛成,賛成,賛成,賛成,賛成,賛成,賛成,賛成,賛成,賛成,賛成,賛成,賛成,賛成,賛成,賛成,賛成,賛成,賛成,賛成,賛成,賛成,賛成,賛成,賛成,反対,反対,反対,賛成,賛成,賛成,賛成,反対,賛成,反対,反対,賛成,賛成,賛成,賛成,賛成,賛成,賛成,賛成,賛成,賛成,賛成,賛成,賛成,賛成,賛成,賛成,賛成,賛成,賛成,賛成,賛成,賛成,賛成,賛成,賛成,賛成,賛成,賛成,賛成
堂込麻紀子,国民民主党・新緑風会,茨城,令和10年7月25日,https://www.sangiin.go.jp/japanese/joho1/kousei/giin/profile/7022027.htm,False,0.0%,賛成,賛成,賛成,賛成,賛成,賛成,賛成,賛成,賛成,賛成,反対,反対,賛成,反対,反対,賛成,反対,賛成,賛成,賛成,賛成,賛成,賛成,賛成,賛成,賛成,賛成,賛成,賛成,賛成,賛成,賛成,賛成,賛成,賛成,賛成,賛成,賛成,賛成,賛成,賛成,賛成,賛成,賛成,賛成,賛成,賛成,賛成,賛成,賛成,賛成,賛成,賛成,賛成,賛成,賛成,賛成,賛成,賛成,賛成,賛成,賛成,賛成,賛成,賛成,賛成,賛成,賛成,賛成,賛成,賛成,賛成,賛成,賛成,賛成,賛成,賛成,賛成,賛成,賛成,賛成,賛成,賛成,賛成,賛成,賛成,賛成,賛成,賛成,賛成,賛成,賛成,賛成,賛成,賛成,賛成,反対,反対,反対,賛成,賛成,賛成,賛成,反対,賛成,反対,反対,賛成,賛成,賛成,賛成,賛成,賛成,賛成,賛成,賛成,賛成,賛成,賛成,賛成,賛成,賛成,賛成,賛成,賛成,賛成,賛成,賛成,賛成,賛成,賛成,賛成,賛成,賛成,賛成,賛成
芳賀道也,国民民主党・新緑風会,山形,令和13年7月28日,https://www.sangiin.go.jp/japanese/joho1/kousei/giin/profile/7019032.htm,False,6.6%,賛成,賛成,賛成,賛成,賛成,賛成,賛成,賛成,賛成,賛成,反対,反対,賛成,反対,反対,賛成,反対,賛成,賛成,賛成,賛成,賛成,賛成,賛成,賛成,賛成,賛成,賛成,賛成,賛成,賛成,賛成,賛成,賛成,賛成,賛成,賛成,賛成,賛成,賛成,賛成,賛成,賛成,賛成,賛成,賛成,賛成,賛成,賛成,賛成,賛成,賛成,賛成,賛成,賛成,賛成,賛成,賛成,賛成,賛成,賛成,賛成,賛成,賛成,賛成,賛成,投票なし,投票なし,投票なし,投票なし,投票なし,投票なし,投票なし,投票なし,投票なし,賛成,賛成,賛成,賛成,賛成,賛成,賛成,賛成,賛成,賛成,賛成,賛成,賛成,賛成,賛成,賛成,賛成,賛成,賛成,賛成,賛成,反対,反対,反対,賛成,賛成,賛成,賛成,反対,賛成,反対,反対,賛成,賛成,賛成,賛成,賛成,賛成,賛成,賛成,賛成,賛成,賛成,賛成,賛成,賛成,賛成,賛成,賛成,賛成,賛成,賛成,賛成,賛成,賛成,賛成,賛成,賛成,賛成,賛成,賛成
浜口誠,国民民主党・新緑風会,比例,令和10年7月25日,https://www.sangiin.go.jp/japanese/joho1/kousei/giin/profile/7016032.htm,False,0.0%,賛成,賛成,賛成,賛成,賛成,賛成,賛成,賛成,賛成,賛成,反対,反対,賛成,反対,反対,賛成,反対,賛成,賛成,賛成,賛成,賛成,賛成,賛成,賛成,賛成,賛成,賛成,賛成,賛成,賛成,賛成,賛成,賛成,賛成,賛成,賛成,賛成,賛成,賛成,賛成,賛成,賛成,賛成,賛成,賛成,賛成,賛成,賛成,賛成,賛成,賛成,賛成,賛成,賛成,賛成,賛成,賛成,賛成,賛成,賛成,賛成,賛成,賛成,賛成,賛成,賛成,賛成,賛成,賛成,賛成,賛成,賛成,賛成,賛成,賛成,賛成,賛成,賛成,賛成,賛成,賛成,賛成,賛成,賛成,賛成,賛成,賛成,賛成,賛成,賛成,賛成,賛成,賛成,賛成,賛成,反対,反対,反対,賛成,賛成,賛成,賛成,反対,賛成,反対,反対,賛成,賛成,賛成,賛成,賛成,賛成,賛成,賛成,賛成,賛成,賛成,賛成,賛成,賛成,賛成,賛成,賛成,賛成,賛成,賛成,賛成,賛成,賛成,賛成,賛成,賛成,賛成,賛成,賛成
浜野喜史,国民民主党・新緑風会,比例,令和13年7月28日,https://www.sangiin.go.jp/japanese/joho1/kousei/giin/profile/7013045.htm,False,0.0%,賛成,賛成,賛成,賛成,賛成,賛成,賛成,賛成,賛成,賛成,反対,反対,賛成,反対,反対,賛成,反対,賛成,賛成,賛成,賛成,賛成,賛成,賛成,賛成,賛成,賛成,賛成,賛成,賛成,賛成,賛成,賛成,賛成,賛成,賛成,賛成,賛成,賛成,賛成,賛成,賛成,賛成,賛成,賛成,賛成,賛成,賛成,賛成,賛成,賛成,賛成,賛成,賛成,賛成,賛成,賛成,賛成,賛成,賛成,賛成,賛成,賛成,賛成,賛成,賛成,賛成,賛成,賛成,賛成,賛成,賛成,賛成,賛成,賛成,賛成,賛成,賛成,賛成,賛成,賛成,賛成,賛成,賛成,賛成,賛成,賛成,賛成,賛成,賛成,賛成,賛成,賛成,賛成,賛成,賛成,反対,反対,反対,賛成,賛成,賛成,賛成,反対,賛成,反対,反対,賛成,賛成,賛成,賛成,賛成,賛成,賛成,賛成,賛成,賛成,賛成,賛成,賛成,賛成,賛成,賛成,賛成,賛成,賛成,賛成,賛成,賛成,賛成,賛成,賛成,賛成,賛成,賛成,賛成
舟山康江,国民民主党・新緑風会,山形,令和10年7月25日,https://www.sangiin.go.jp/japanese/joho1/kousei/giin/profile/7007052.htm,False,0.7%,賛成,賛成,賛成,賛成,賛成,賛成,賛成,賛成,賛成,賛成,反対,反対,賛成,反対,反対,賛成,反対,賛成,賛成,賛成,賛成,賛成,賛成,賛成,賛成,賛成,賛成,賛成,賛成,賛成,賛成,賛成,賛成,賛成,賛成,賛成,賛成,賛成,賛成,賛成,賛成,賛成,賛成,賛成,賛成,賛成,賛成,投票なし,賛成,賛成,賛成,賛成,賛成,賛成,賛成,賛成,賛成,賛成,賛成,賛成,賛成,賛成,賛成,賛成,賛成,賛成,賛成,賛成,賛成,賛成,賛成,賛成,賛成,賛成,賛成,賛成,賛成,賛成,賛成,賛成,賛成,賛成,賛成,賛成,賛成,賛成,賛成,賛成,賛成,賛成,賛成,賛成,賛成,賛成,賛成,賛成,反対,反対,反対,賛成,賛成,賛成,賛成,反対,賛成,反対,反対,賛成,賛成,賛成,賛成,賛成,賛成,賛成,賛成,賛成,賛成,賛成,賛成,賛成,賛成,賛成,賛成,賛成,賛成,賛成,賛成,賛成,賛成,賛成,賛成,賛成,賛成,賛成,賛成,賛成
井上哲士,日本共産党,,,,False,0.0%,反対,反対,賛成,賛成,賛成,賛成,賛成,賛成,賛成,反対,反対,反対,賛成,反対,賛成,反対,反対,賛成,反対,反対,賛成,賛成,反対,賛成,賛成,反対,賛成,賛成,賛成,賛成,賛成,賛成,賛成,賛成,賛成,反対,反対,賛成,賛成,反対,反対,賛成,賛成,賛成,反対,賛成,反対,賛成,反対,反対,賛成,反対,賛成,賛成,賛成,反対,反対,反対,反対,反対,賛成,反対,反対,反対,賛成,反対,賛成,賛成,賛成,反対,反対,反対,反対,反対,反対,賛成,賛成,反対,反対,反対,反対,反対,反対,反対,賛成,賛成,賛成,反対,賛成,反対,反対,賛成,賛成,賛成,反対,賛成,反対,反対,反対,賛成,賛成,賛成,反対,反対,賛成,反対,反対,反対,賛成,反対,反対,賛成,賛成,反対,賛成,反対,反対,賛成,賛成,賛成,賛成,賛成,反対,反対,賛成,賛成,賛成,反対,反対,反対,賛成,賛成,賛成,賛成,反対,賛成
伊藤岳,日本共産党,,,,False,0.0%,反対,反対,賛成,賛成,賛成,賛成,賛成,賛成,賛成,反対,反対,反対,賛成,反対,賛成,反対,反対,賛成,反対,反対,賛成,賛成,反対,賛成,賛成,反対,賛成,賛成,賛成,賛成,賛成,賛成,賛成,賛成,賛成,反対,反対,賛成,賛成,反対,反対,賛成,賛成,賛成,反対,賛成,反対,賛成,反対,反対,賛成,反対,賛成,賛成,賛成,反対,反対,反対,反対,反対,賛成,反対,反対,反対,賛成,反対,賛成,賛成,賛成,反対,反対,反対,反対,反対,反対,賛成,賛成,反対,反対,反対,反対,反対,反対,反対,賛成,賛成,賛成,反対,賛成,反対,反対,賛成,賛成,賛成,反対,賛成,反対,反対,反対,賛成,賛成,賛成,反対,反対,賛成,反対,反対,反対,賛成,反対,反対,賛成,賛成,反対,賛成,反対,反対,賛成,賛成,賛成,賛成,賛成,反対,反対,賛成,賛成,賛成,反対,反対,反対,賛成,賛成,賛成,賛成,反対,賛成
岩渕友,日本共産党,比例,令和10年7月25日,https://www.sangiin.go.jp/japanese/joho1/kousei/giin/profile/7016011.htm,False,0.0%,反対,反対,賛成,賛成,賛成,賛成,賛成,賛成,賛成,反対,反対,反対,賛成,反対,賛成,反対,反対,賛成,反対,反対,賛成,賛成,反対,賛成,賛成,反対,賛成,賛成,賛成,賛成,賛成,賛成,賛成,賛成,賛成,反対,反対,賛成,賛成,反対,反対,賛成,賛成,賛成,反対,賛成,反対,賛成,反対,反対,賛成,反対,賛成,賛成,賛成,反対,反対,反対,反対,反対,賛成,反対,反対,反対,賛成,反対,賛成,賛成,賛成,反対,反対,反対,反対,反対,反対,賛成,賛成,反対,反対,反対,反対,反対,反対,反対,賛成,賛成,賛成,反対,賛成,反対,反対,賛成,賛成,賛成,反対,賛成,反対,反対,反対,賛成,賛成,賛成,反対,反対,賛成,反対,反対,反対,賛成,反対,反対,賛成,賛成,反対,賛成,反対,反対,賛成,賛成,賛成,賛成,賛成,反対,反対,賛成,賛成,賛成,反対,反対,反対,賛成,賛成,賛成,賛成,反対,賛成
紙智子,日本共産党,,,,False,0.0%,反対,反対,賛成,賛成,賛成,賛成,賛成,賛成,賛成,反対,反対,反対,賛成,反対,賛成,反対,反対,賛成,反対,反対,賛成,賛成,反対,賛成,賛成,反対,賛成,賛成,賛成,賛成,賛成,賛成,賛成,賛成,賛成,反対,反対,賛成,賛成,反対,反対,賛成,賛成,賛成,反対,賛成,反対,賛成,反対,反対,賛成,反対,賛成,賛成,賛成,反対,反対,反対,反対,反対,賛成,反対,反対,反対,賛成,反対,賛成,賛成,賛成,反対,反対,反対,反対,反対,反対,賛成,賛成,反対,反対,反対,反対,反対,反対,反対,賛成,賛成,賛成,反対,賛成,反対,反対,賛成,賛成,賛成,反対,賛成,反対,反対,反対,賛成,賛成,賛成,反対,反対,賛成,反対,反対,反対,賛成,反対,反対,賛成,賛成,反対,賛成,反対,反対,賛成,賛成,賛成,賛成,賛成,反対,反対,賛成,賛成,賛成,反対,反対,反対,賛成,賛成,賛成,賛成,反対,賛成
吉良よし子,日本共産党,東京,令和13年7月28日,https://www.sangiin.go.jp/japanese/joho1/kousei/giin/profile/7013017.htm,False,0.0%,反対,反対,賛成,賛成,賛成,賛成,賛成,賛成,賛成,反対,反対,反対,賛成,反対,賛成,反対,反対,賛成,反対,反対,賛成,賛成,反対,賛成,賛成,反対,賛成,賛成,賛成,賛成,賛成,賛成,賛成,賛成,賛成,反対,反対,賛成,賛成,反対,反対,賛成,賛成,賛成,反対,賛成,反対,賛成,反対,反対,賛成,反対,賛成,賛成,賛成,反対,反対,反対,反対,反対,賛成,反対,反対,反対,賛成,反対,賛成,賛成,賛成,反対,反対,反対,反対,反対,反対,賛成,賛成,反対,反対,反対,反対,反対,反対,反対,賛成,賛成,賛成,反対,賛成,反対,反対,賛成,賛成,賛成,反対,賛成,反対,反対,反対,賛成,賛成,賛成,反対,反対,賛成,反対,反対,反対,賛成,反対,反対,賛成,賛成,反対,賛成,反対,反対,賛成,賛成,賛成,賛成,賛成,反対,反対,賛成,賛成,賛成,反対,反対,反対,賛成,賛成,賛成,賛成,反対,賛成
倉林明子,日本共産党,,,,False,0.0%,反対,反対,賛成,賛成,賛成,賛成,賛成,賛成,賛成,反対,反対,反対,賛成,反対,賛成,反対,反対,賛成,反対,反対,賛成,賛成,反対,賛成,賛成,反対,賛成,賛成,賛成,賛成,賛成,賛成,賛成,賛成,賛成,反対,反対,賛成,賛成,反対,反対,賛成,賛成,賛成,反対,賛成,反対,賛成,反対,反対,賛成,反対,賛成,賛成,賛成,反対,反対,反対,反対,反対,賛成,反対,反対,反対,賛成,反対,賛成,賛成,賛成,反対,反対,反対,反対,反対,反対,賛成,賛成,反対,反対,反対,反対,反対,反対,反対,賛成,賛成,賛成,反対,賛成,反対,反対,賛成,賛成,賛成,反対,賛成,反対,反対,反対,賛成,賛成,賛成,反対,反対,賛成,反対,反対,反対,賛成,反対,反対,賛成,賛成,反対,賛成,反対,反対,賛成,賛成,賛成,賛成,賛成,反対,反対,賛成,賛成,賛成,反対,反対,反対,賛成,賛成,賛成,賛成,反対,賛成
小池晃,日本共産党,比例,令和13年7月28日,https://www.sangiin.go.jp/japanese/joho1/kousei/giin/profile/5998022.htm,False,0.0%,反対,反対,賛成,賛成,賛成,賛成,賛成,賛成,賛成,反対,反対,反対,賛成,賛成,賛成,反対,反対,賛成,反対,反対,賛成,賛成,反対,賛成,賛成,反対,賛成,賛成,賛成,賛成,賛成,賛成,賛成,賛成,賛成,反対,反対,賛成,賛成,反対,反対,賛成,賛成,賛成,反対,賛成,反対,賛成,反対,反対,賛成,反対,賛成,賛成,賛成,反対,反対,反対,反対,反対,賛成,反対,反対,反対,賛成,反対,賛成,賛成,賛成,反対,反対,反対,反対,反対,反対,賛成,賛成,反対,反対,反対,反対,反対,反対,反対,賛成,賛成,賛成,反対,賛成,反対,反対,賛成,賛成,賛成,反対,賛成,反対,反対,反対,賛成,賛成,賛成,反対,反対,賛成,反対,反対,反対,賛成,反対,反対,賛成,賛成,反対,賛成,反対,反対,賛成,賛成,賛成,賛成,賛成,反対,反対,賛成,賛成,賛成,反対,反対,反対,賛成,賛成,賛成,賛成,反対,賛成
大門実紀史,日本共産党,比例,令和10年7月25日,https://www.sangiin.go.jp/japanese/joho1/kousei/giin/profile/7001001.htm,False,0.0%,反対,反対,賛成,賛成,賛成,賛成,賛成,賛成,賛成,反対,反対,反対,賛成,反対,賛成,反対,反対,賛成,反対,反対,賛成,賛成,反対,賛成,賛成,反対,賛成,賛成,賛成,賛成,賛成,賛成,賛成,賛成,賛成,反対,反対,賛成,賛成,反対,反対,賛成,賛成,賛成,反対,賛成,反対,賛成,反対,反対,賛成,反対,賛成,賛成,賛成,反対,反対,反対,反対,反対,賛成,反対,反対,反対,賛成,反対,賛成,賛成,賛成,反対,反対,反対,反対,反対,反対,賛成,賛成,反対,反対,反対,反対,反対,反対,反対,賛成,賛成,賛成,反対,賛成,反対,反対,賛成,賛成,賛成,反対,賛成,反対,反対,反対,賛成,賛成,賛成,反対,反対,賛成,反対,反対,反対,賛成,反対,反対,賛成,賛成,反対,賛成,反対,反対,賛成,賛成,賛成,賛成,賛成,反対,反対,賛成,賛成,賛成,反対,反対,反対,賛成,賛成,賛成,賛成,反対,賛成
仁比聡平,日本共産党,比例,令和10年7月25日,https://www.sangiin.go.jp/japanese/joho1/kousei/giin/profile/7004045.htm,False,0.0%,反対,反対,賛成,賛成,賛成,賛成,賛成,賛成,賛成,反対,反対,反対,賛成,反対,賛成,反対,反対,賛成,反対,反対,賛成,賛成,反対,賛成,賛成,反対,賛成,賛成,賛成,賛成,賛成,賛成,賛成,賛成,賛成,反対,反対,賛成,賛成,反対,反対,賛成,賛成,賛成,反対,賛成,反対,賛成,反対,反対,賛成,反対,賛成,賛成,賛成,反対,反対,反対,反対,反対,賛成,反対,反対,反対,賛成,反対,賛成,賛成,賛成,反対,反対,反対,反対,反対,反対,賛成,賛成,反対,反対,反対,反対,反対,反対,反対,賛成,賛成,賛成,反対,賛成,反対,反対,賛成,賛成,賛成,反対,賛成,反対,反対,反対,賛成,賛成,賛成,反対,反対,賛成,反対,反対,反対,賛成,反対,反対,賛成,賛成,反対,賛成,反対,反対,賛成,賛成,賛成,賛成,賛成,反対,反対,賛成,賛成,賛成,反対,反対,反対,賛成,賛成,賛成,賛成,反対,賛成
山下芳生,日本共産党,,,,False,0.7%,反対,反対,賛成,賛成,賛成,賛成,賛成,賛成,賛成,反対,反対,反対,賛成,反対,賛成,反対,反対,賛成,反対,反対,賛成,賛成,反対,賛成,賛成,反対,賛成,賛成,賛成,賛成,賛成,賛成,投票なし,賛成,賛成,反対,反対,賛成,賛成,反対,反対,賛成,賛成,賛成,反対,賛成,反対,賛成,反対,反対,賛成,反対,賛成,賛成,賛成,反対,反対,反対,反対,反対,賛成,反対,反対,反対,賛成,反対,賛成,賛成,賛成,反対,反対,反対,反対,反対,反対,賛成,賛成,反対,反対,反対,反対,反対,反対,反対,賛成,賛成,賛成,反対,賛成,反対,反対,賛成,賛成,賛成,反対,賛成,反対,反対,反対,賛成,賛成,賛成,反対,反対,賛成,反対,反対,反対,賛成,反対,反対,賛成,賛成,反対,賛成,反対,反対,賛成,賛成,賛成,賛成,賛成,反対,反対,賛成,賛成,賛成,反対,反対,反対,賛成,賛成,賛成,賛成,反対,賛成
山添拓,日本共産党,東京,令和10年7月25日,https://www.sangiin.go.jp/japanese/joho1/kousei/giin/profile/7016042.htm,False,0.0%,反対,反対,賛成,賛成,賛成,賛成,賛成,賛成,賛成,反対,反対,反対,賛成,反対,賛成,反対,反対,賛成,反対,反対,賛成,賛成,反対,賛成,賛成,反対,賛成,賛成,賛成,賛成,賛成,賛成,賛成,賛成,賛成,反対,反対,賛成,賛成,反対,反対,賛成,賛成,賛成,反対,賛成,反対,賛成,反対,反対,賛成,反対,賛成,賛成,賛成,反対,反対,反対,反対,反対,賛成,反対,反対,反対,賛成,反対,賛成,賛成,賛成,反対,反対,反対,反対,反対,反対,賛成,賛成,反対,反対,反対,反対,反対,反対,反対,賛成,賛成,賛成,反対,賛成,反対,反対,賛成,賛成,賛成,反対,賛成,反対,反対,反対,賛成,賛成,賛成,反対,反対,賛成,反対,反対,反対,賛成,反対,反対,賛成,賛成,反対,賛成,反対,反対,賛成,賛成,賛成,賛成,賛成,反対,反対,賛成,賛成,賛成,反対,反対,反対,賛成,賛成,賛成,賛成,反対,賛成
大島九州男,れいわ新選組,比例,令和10年7月25日,https://www.sangiin.go.jp/japanese/joho1/kousei/giin/profile/7007017.htm,False,0.0%,反対,反対,反対,反対,賛成,反対,賛成,反対,賛成,反対,反対,反対,反対,反対,賛成,反対,反対,反対,反対,反対,賛成,反対,反対,反対,賛成,反対,賛成,賛成,賛成,賛成,反対,反対,賛成,反対,反対,反対,反対,反対,反対,反対,反対,賛成,賛成,賛成,反対,賛成,反対,反対,反対,反対,賛成,反対,反対,反対,反対,賛成,反対,反対,反対,反対,賛成,反対,反対,反対,反対,反対,賛成,賛成,賛成,賛成,反対,反対,反対,反対,反対,反対,賛成,反対,賛成,賛成,賛成,反対,反対,反対,反対,賛成,反対,反対,賛成,反対,反対,賛成,賛成,賛成,賛成,反対,反対,反対,反対,賛成,賛成,賛成,反対,反対,賛成,反対,反対,反対,賛成,反対,反対,賛成,反対,賛成,賛成,賛成,反対,反対,賛成,反対,賛成,賛成,賛成,賛成,反対,賛成,反対,反対,反対,反対,賛成,賛成,賛成,反対,賛成,反対
木村英子,れいわ新選組,比例,令和13年7月28日,https://www.sangiin.go.jp/japanese/joho1/kousei/giin/profile/7019015.htm,False,10.3%,反対,反対,反対,反対,賛成,反対,賛成,反対,賛成,反対,反対,反対,反対,反対,賛成,反対,反対,反対,反対,反対,賛成,反対,反対,反対,賛成,反対,賛成,賛成,賛成,賛成,反対,反対,賛成,反対,反対,反対,反対,反対,反対,反対,反対,賛成,賛成,賛成,反対,賛成,反対,投票なし,投票なし,投票なし,投票なし,投票なし,投票なし,投票なし,投票なし,投票なし,投票なし,投票なし,反対,反対,賛成,反対,反対,反対,反対,反対,賛成,賛成,賛成,賛成,反対,反対,反対,反対,反対,投票なし,投票なし,投票なし,賛成,賛成,賛成,反対,反対,反対,反対,賛成,反対,反対,賛成,反対,反対,賛成,賛成,賛成,賛成,反対,反対,反対,反対,賛成,賛成,賛成,反対,反対,賛成,反対,反対,反対,賛成,反対,反対,賛成,反対,賛成,賛成,賛成,反対,反対,賛成,反対,賛成,賛成,賛成,賛成,反対,賛成,反対,反対,反対,反対,賛成,賛成,賛成,反対,賛成,反対
天畠大輔,れいわ新選組,比例,令和10年7月25日,https://www.sangiin.go.jp/japanese/joho1/kousei/giin/profile/7022026.htm,False,0.0%,反対,反対,反対,反対,賛成,反対,賛成,反対,賛成,反対,反対,反対,反対,反対,賛成,反対,反対,反対,反対,反対,賛成,反対,反対,反対,賛成,反対,賛成,賛成,賛成,賛成,反対,反対,賛成,反対,反対,反対,反対,反対,反対,反対,反対,賛成,賛成,賛成,反対,賛成,反対,反対,反対,反対,賛成,反対,反対,反対,反対,賛成,反対,反対,反対,反対,賛成,反対,反対,反対,反対,反対,賛成,賛成,賛成,賛成,反対,反対,反対,反対,反対,反対,賛成,反対,賛成,賛成,賛成,反対,反対,反対,反対,賛成,反対,反対,賛成,反対,反対,賛成,賛成,賛成,賛成,反対,反対,反対,反対,賛成,賛成,賛成,反対,反対,賛成,反対,反対,反対,賛成,反対,反対,賛成,反対,賛成,賛成,賛成,反対,反対,賛成,反対,賛成,賛成,賛成,賛成,反対,賛成,反対,反対,反対,反対,賛成,賛成,賛成,反対,賛成,反対
舩後靖彦,れいわ新選組,,,,False,23.5%,反対,反対,反対,反対,賛成,反対,賛成,反対,賛成,反対,反対,投票なし,投票なし,投票なし,投票なし,投票なし,投票なし,投票なし,投票なし,投票なし,投票なし,投票なし,投票なし,投票なし,投票なし,投票なし,投票なし,投票なし,投票なし,投票なし,投票なし,投票なし,投票なし,投票なし,投票なし,投票なし,投票なし,投票なし,投票なし,投票なし,投票なし,賛成,賛成,賛成,反対,賛成,反対,反対,反対,反対,賛成,反対,反対,反対,反対,賛成,反対,反対,反対,反対,賛成,反対,反対,反対,反対,反対,賛成,賛成,賛成,賛成,反対,反対,反対,反対,反対,反対,賛成,反対,賛成,賛成,賛成,反対,反対,反対,反対,賛成,反対,反対,賛成,反対,反対,賛成,賛成,賛成,賛成,反対,反対,反対,反対,賛成,賛成,賛成,反対,反対,賛成,反対,反対,反対,賛成,投票なし,投票なし,賛成,反対,賛成,賛成,賛成,反対,反対,賛成,反対,賛成,賛成,賛成,賛成,反対,賛成,反対,反対,反対,反対,賛成,賛成,賛成,反対,賛成,反対
山本太郎,れいわ新選組,東京,令和10年7月25日,https://www.sangiin.go.jp/japanese/joho1/kousei/giin/profile/7013062.htm,False,0.0%,反対,反対,反対,反対,賛成,反対,賛成,反対,賛成,反対,反対,反対,反対,反対,賛成,反対,反対,反対,反対,反対,賛成,反対,反対,反対,賛成,反対,賛成,賛成,賛成,賛成,反対,反対,賛成,反対,反対,反対,反対,反対,反対,反対,反対,賛成,賛成,賛成,反対,賛成,反対,反対,反対,反対,賛成,反対,反対,反対,反対,賛成,反対,反対,反対,反対,賛成,反対,反対,反対,反対,反対,賛成,賛成,賛成,賛成,反対,反対,反対,反対,反対,反対,賛成,反対,賛成,賛成,賛成,反対,反対,反対,反対,賛成,反対,反対,賛成,反対,反対,賛成,賛成,賛成,賛成,反対,反対,反対,反対,賛成,賛成,賛成,反対,反対,賛成,反対,反対,反対,賛成,反対,反対,賛成,反対,賛成,賛成,賛成,反対,反対,賛成,反対,賛成,賛成,賛成,賛成,反対,賛成,反対,反対,反対,反対,賛成,賛成,賛成,反対,賛成,反対
伊波洋一,沖縄の風,沖縄,令和10年7月25日,https://www.sangiin.go.jp/japanese/joho1/kousei/giin/profile/7016007.htm,False,2.2%,賛成,賛成,賛成,賛成,賛成,投票なし,反対,賛成,賛成,反対,投票なし,反対,賛成,反対,賛成,賛成,反対,賛成,反対,反対,賛成,賛成,反対,賛成,賛成,賛成,賛成,賛成,賛成,賛成,賛成,賛成,賛成,賛成,賛成,反対,反対,賛成,賛成,反対,賛成,賛成,賛成,賛成,賛成,賛成,反対,賛成,反対,賛成,賛成,賛成,賛成,反対,賛成,賛成,反対,反対,反対,反対,賛成,反対,反対,反対,賛成,反対,賛成,賛成,賛成,賛成,賛成,反対,反対,反対,反対,賛成,賛成,反対,賛成,賛成,賛成,賛成,反対,反対,賛成,賛成,賛成,反対,賛成,反対,反対,賛成,賛成,賛成,賛成,賛成,反対,反対,反対,賛成,賛成,賛成,賛成,反対,賛成,反対,賛成,賛成,賛成,賛成,反対,賛成,賛成,反対,賛成,賛成,賛成,賛成,賛成,賛成,賛成,賛成,賛成,賛成,賛成,賛成,賛成,賛成,賛成,投票なし,賛成,賛成,賛成,賛成,賛成,賛成
高良鉄美,沖縄の風,,,,False,2.9%,賛成,賛成,賛成,賛成,賛成,反対,投票なし,賛成,賛成,反対,投票なし,反対,賛成,反対,賛成,賛成,反対,賛成,反対,反対,賛成,賛成,反対,賛成,賛成,賛成,賛成,賛成,賛成,賛成,賛成,賛成,賛成,賛成,賛成,反対,反対,賛成,賛成,反対,投票なし,賛成,賛成,賛成,賛成,賛成,反対,賛成,反対,賛成,賛成,賛成,賛成,反対,賛成,賛成,反対,反対,反対,反対,賛成,反対,反対,反対,反対,反対,賛成,賛成,賛成,賛成,賛成,反対,反対,反対,反対,賛成,賛成,反対,賛成,賛成,賛成,賛成,反対,反対,投票なし,賛成,賛成,反対,賛成,反対,反対,賛成,賛成,賛成,賛成,賛成,反対,反対,反対,賛成,賛成,賛成,賛成,反対,賛成,反対,賛成,賛成,賛成,賛成,反対,賛成,賛成,反対,賛成,賛成,賛成,賛成,賛成,賛成,賛成,賛成,賛成,賛成,賛成,賛成,賛成,賛成,賛成,反対,賛成,賛成,賛成,賛成,賛成,賛成
齊藤健一郎,ＮＨＫから国民を守る党,比例,令和10年7月25日,https://www.sangiin.go.jp/japanese/joho1/kousei/giin/profile/7023002.htm,True,0.0%,反対,反対,賛成,賛成,反対,賛成,賛成,反対,賛成,賛成,反対,反対,賛成,反対,反対,賛成,賛成,反対,賛成,賛成,賛成,賛成,反対,反対,反対,反対,反対,反対,賛成,賛成,賛成,賛成,反対,反対,反対,反対,反対,反対,反対,反対,反対,賛成,賛成,賛成,賛成,賛成,賛成,賛成,賛成,賛成,賛成,反対,賛成,賛成,反対,賛成,賛成,賛成,反対,賛成,反対,賛成,賛成,賛成,賛成,賛成,賛成,賛成,賛成,賛成,賛成,賛成,賛成,賛成,賛成,反対,反対,賛成,賛成,賛成,賛成,賛成,賛成,反対,賛成,賛成,反対,賛成,賛成,反対,賛成,賛成,賛成,賛成,賛成,反対,賛成,賛成,賛成,反対,反対,反対,反対,反対,反対,反対,反対,反対,賛成,反対,賛成,賛成,賛成,賛成,反対,賛成,賛成,反対,賛成,反対,賛成,賛成,賛成,賛成,反対,賛成,賛成,賛成,賛成,賛成,賛成,賛成,反対,反対,賛成,反対
浜田聡,ＮＨＫから国民を守る党,,,,True,0.0%,反対,反対,賛成,賛成,反対,賛成,賛成,反対,賛成,賛成,反対,反対,賛成,反対,反対,賛成,賛成,反対,賛成,賛成,賛成,賛成,反対,反対,反対,反対,反対,反対,賛成,賛成,賛成,賛成,反対,反対,反対,反対,反対,反対,反対,反対,反対,賛成,賛成,賛成,反対,賛成,賛成,賛成,賛成,賛成,賛成,反対,賛成,賛成,反対,賛成,賛成,賛成,反対,賛成,反対,賛成,賛成,賛成,賛成,反対,賛成,賛成,賛成,賛成,賛成,反対,賛成,賛成,賛成,反対,反対,反対,賛成,賛成,賛成,賛成,賛成,反対,反対,賛成,反対,賛成,反対,反対,賛成,賛成,賛成,反対,反対,反対,賛成,賛成,賛成,反対,反対,反対,反対,反対,反対,反対,反対,反対,賛成,反対,賛成,賛成,賛成,賛成,反対,賛成,賛成,反対,賛成,反対,賛成,賛成,賛成,賛成,反対,賛成,賛成,賛成,賛成,賛成,賛成,賛成,反対,反対,賛成,反対
梅村みずほ,各派に属しない議員,比例,令和13年7月28日,https://www.sangiin.go.jp/japanese/joho1/kousei/giin/profile/7019007.htm,True,0.7%,反対,反対,賛成,賛成,賛成,賛成,反対,賛成,賛成,賛成,反対,反対,賛成,反対,反対,賛成,反対,賛成,賛成,賛成,賛成,賛成,賛成,賛成,賛成,賛成,賛成,賛成,賛成,賛成,賛成,賛成,反対,賛成,賛成,反対,反対,反対,反対,反対,賛成,賛成,賛成,賛成,賛成,賛成,賛成,賛成,賛成,賛成,賛成,賛成,賛成,賛成,賛成,賛成,賛成,賛成,賛成,反対,賛成,賛成,賛成,賛成,賛成,賛成,賛成,賛成,賛成,賛成,賛成,賛成,賛成,賛成,賛成,賛成,賛成,賛成,賛成,賛成,賛成,賛成,賛成,賛成,賛成,賛成,賛成,賛成,賛成,賛成,賛成,賛成,賛成,賛成,賛成,賛成,賛成,賛成,賛成,賛成,賛成,賛成,賛成,賛成,賛成,賛成,賛成,賛成,賛成,賛成,賛成,賛成,賛成,賛成,賛成,賛成,賛成,賛成,賛成,賛成,賛成,賛成,賛成,賛成,賛成,賛成,賛成,賛成,投票なし,賛成,賛成,賛成,賛成,賛成,賛成,賛成
大野泰正,各派に属しない議員,,,,False,0.0%,賛成,賛成,賛成,賛成,賛成,賛成,賛成,賛成,賛成,賛成,賛成,賛成,賛成,賛成,賛成,賛成,賛成,賛成,賛成,賛成,賛成,賛成,賛成,賛成,賛成,賛成,賛成,賛成,賛成,賛成,賛成,賛成,賛成,賛成,賛成,賛成,賛成,賛成,賛成,賛成,賛成,賛成,賛成,賛成,賛成,賛成,賛成,賛成,賛成,賛成,賛成,賛成,賛成,賛成,賛成,賛成,賛成,賛成,賛成,賛成,賛成,賛成,賛成,賛成,賛成,賛成,賛成,賛成,賛成,賛成,賛成,賛成,賛成,賛成,賛成,賛成,賛成,賛成,賛成,賛成,賛成,賛成,賛成,賛成,賛成,賛成,賛成,賛成,賛成,賛成,賛成,賛成,賛成,賛成,賛成,賛成,賛成,賛成,賛成,賛成,賛成,賛成,賛成,賛成,賛成,賛成,賛成,賛成,賛成,賛成,賛成,賛成,賛成,賛成,賛成,賛成,賛成,賛成,賛成,賛成,賛成,賛成,賛成,賛成,賛成,賛成,賛成,賛成,賛成,賛成,賛成,賛成,賛成,賛成,賛成,賛成
神谷宗幣,各派に属しない議員,比例,令和10年7月25日,https://www.sangiin.go.jp/japanese/joho1/kousei/giin/profile/7022014.htm,False,0.0%,反対,反対,賛成,賛成,反対,賛成,反対,賛成,賛成,反対,反対,反対,賛成,反対,反対,賛成,反対,反対,賛成,賛成,賛成,賛成,賛成,賛成,賛成,反対,賛成,賛成,賛成,賛成,賛成,賛成,賛成,賛成,賛成,賛成,賛成,賛成,賛成,反対,賛成,賛成,賛成,賛成,賛成,反対,賛成,賛成,賛成,賛成,賛成,賛成,賛成,賛成,賛成,賛成,反対,賛成,反対,反対,反対,賛成,反対,反対,賛成,反対,賛成,賛成,賛成,賛成,賛成,賛成,賛成,賛成,賛成,賛成,賛成,賛成,賛成,賛成,賛成,賛成,賛成,反対,賛成,反対,賛成,賛成,反対,賛成,賛成,反対,賛成,賛成,反対,賛成,反対,反対,反対,賛成,賛成,賛成,反対,反対,賛成,賛成,賛成,賛成,賛成,賛成,賛成,賛成,賛成,賛成,賛成,賛成,賛成,賛成,賛成,賛成,賛成,賛成,賛成,賛成,反対,賛成,賛成,反対,賛成,賛成,賛成,賛成,賛成,賛成,賛成,反対
関口昌一,各派に属しない議員,埼玉,令和10年7月25日,https://www.sangiin.go.jp/japanese/joho1/kousei/giin/profile/7003005.htm,False,100.0%,投票なし,投票なし,投票なし,投票なし,投票なし,投票なし,投票なし,投票なし,投票なし,投票なし,投票なし,投票なし,投票なし,投票なし,投票なし,投票なし,投票なし,投票なし,投票なし,投票なし,投票なし,投票なし,投票なし,投票なし,投票なし,投票なし,投票なし,投票なし,投票なし,投票なし,投票なし,投票なし,投票なし,投票なし,投票なし,投票なし,投票なし,投票なし,投票なし,投票なし,投票なし,投票なし,投票なし,投票なし,投票なし,投票なし,投票なし,投票なし,投票なし,投票なし,投票なし,投票なし,投票なし,投票なし,投票なし,投票なし,投票なし,投票なし,投票なし,投票なし,投票なし,投票なし,投票なし,投票なし,投票なし,投票なし,投票なし,投票なし,投票なし,投票なし,投票なし,投票なし,投票なし,投票なし,投票なし,投票なし,投票なし,投票なし,投票なし,投票なし,投票なし,投票なし,投票なし,投票なし,投票なし,投票なし,投票なし,投票なし,投票なし,投票なし,投票なし,投票なし,投票なし,投票なし,投票なし,投票なし,投票なし,投票なし,投票なし,投票なし,投票なし,投票なし,投票なし,投票なし,投票なし,投票なし,投票なし,投票なし,投票なし,投票なし,投票なし,投票なし,投票なし,投票なし,投票なし,投票なし,投票なし,投票なし,投票なし,投票なし,投票なし,投票なし,投票なし,投票なし,投票なし,投票なし,投票なし,投票なし,投票なし,投票なし,投票なし,投票なし,投票なし,投票なし,投票なし,投票なし
寺田静,各派に属しない議員,秋田,令和13年7月28日,https://www.sangiin.go.jp/japanese/joho1/kousei/giin/profile/7019030.htm,False,1.5%,賛成,賛成,賛成,賛成,賛成,賛成,反対,賛成,賛成,賛成,反対,反対,賛成,反対,賛成,賛成,反対,賛成,賛成,反対,賛成,賛成,賛成,賛成,賛成,賛成,賛成,賛成,賛成,賛成,賛成,賛成,賛成,賛成,賛成,反対,反対,反対,賛成,賛成,賛成,賛成,賛成,賛成,賛成,賛成,賛成,賛成,賛成,賛成,賛成,賛成,賛成,賛成,賛成,賛成,賛成,賛成,賛成,反対,賛成,賛成,賛成,賛成,賛成,賛成,賛成,賛成,賛成,賛成,賛成,反対,賛成,賛成,賛成,賛成,賛成,賛成,賛成,賛成,賛成,賛成,賛成,賛成,賛成,賛成,賛成,賛成,賛成,賛成,賛成,賛成,賛成,賛成,賛成,賛成,反対,反対,反対,賛成,賛成,賛成,賛成,反対,賛成,反対,賛成,賛成,賛成,賛成,賛成,賛成,賛成,賛成,賛成,投票なし,投票なし,賛成,賛成,賛成,賛成,賛成,賛成,賛成,賛成,賛成,賛成,賛成,賛成,賛成,賛成,反対,賛成,賛成,賛成,賛成
ながえ孝子,各派に属しない議員,愛媛,令和13年7月28日,https://www.sangiin.go.jp/japanese/joho1/kousei/giin/profile/7019031.htm,False,0.0%,賛成,賛成,賛成,賛成,賛成,賛成,反対,賛成,賛成,賛成,反対,反対,賛成,反対,賛成,賛成,反対,賛成,賛成,反対,賛成,賛成,賛成,賛成,賛成,賛成,賛成,賛成,賛成,賛成,賛成,賛成,賛成,賛成,賛成,反対,反対,反対,賛成,賛成,賛成,賛成,賛成,賛成,賛成,賛成,賛成,賛成,賛成,賛成,賛成,賛成,賛成,賛成,賛成,賛成,賛成,賛成,賛成,反対,賛成,賛成,賛成,賛成,賛成,賛成,賛成,賛成,賛成,賛成,賛成,反対,賛成,賛成,賛成,賛成,賛成,賛成,賛成,賛成,賛成,賛成,賛成,賛成,賛成,賛成,賛成,賛成,賛成,賛成,賛成,賛成,賛成,賛成,賛成,賛成,反対,反対,反対,賛成,賛成,賛成,賛成,反対,賛成,反対,賛成,賛成,賛成,賛成,賛成,賛成,賛成,賛成,賛成,賛成,賛成,賛成,賛成,賛成,賛成,賛成,賛成,賛成,賛成,賛成,賛成,賛成,賛成,賛成,賛成,反対,賛成,賛成,賛成,賛成
長浜博行,各派に属しない議員,千葉,令和13年7月28日,https://www.sangiin.go.jp/japanese/joho1/kousei/giin/profile/7007041.htm,False,0.7%,賛成,賛成,賛成,賛成,賛成,賛成,反対,賛成,賛成,賛成,賛成,反対,賛成,反対,賛成,賛成,反対,賛成,賛成,反対,賛成,賛成,賛成,賛成,賛成,賛成,賛成,賛成,賛成,賛成,賛成,賛成,賛成,賛成,賛成,反対,反対,反対,賛成,賛成,賛成,賛成,賛成,賛成,賛成,賛成,賛成,賛成,賛成,賛成,賛成,賛成,賛成,賛成,賛成,賛成,賛成,賛成,賛成,反対,賛成,賛成,賛成,賛成,賛成,賛成,賛成,賛成,賛成,賛成,賛成,反対,賛成,賛成,賛成,賛成,賛成,賛成,賛成,賛成,賛成,賛成,賛成,賛成,賛成,賛成,賛成,賛成,賛成,賛成,賛成,賛成,賛成,賛成,賛成,投票なし,反対,反対,反対,賛成,賛成,賛成,賛成,反対,賛成,反対,賛成,賛成,賛成,賛成,賛成,賛成,賛成,賛成,賛成,賛成,賛成,賛成,賛成,賛成,賛成,賛成,賛成,賛成,賛成,賛成,賛成,賛成,賛成,賛成,賛成,反対,賛成,賛成,賛成,賛成
平山佐知子,各派に属しない議員,静岡,令和10年7月25日,https://www.sangiin.go.jp/japanese/joho1/kousei/giin/profile/7016033.htm,False,0.0%,賛成,賛成,賛成,賛成,賛成,賛成,賛成,賛成,賛成,賛成,賛成,賛成,賛成,賛成,賛成,賛成,賛成,賛成,賛成,賛成,賛成,賛成,賛成,賛成,賛成,賛成,賛成,賛成,賛成,賛成,賛成,賛成,賛成,賛成,賛成,賛成,賛成,賛成,賛成,賛成,賛成,賛成,賛成,賛成,賛成,賛成,賛成,賛成,賛成,賛成,賛成,賛成,賛成,賛成,賛成,賛成,賛成,賛成,賛成,賛成,賛成,賛成,賛成,賛成,賛成,賛成,賛成,賛成,賛成,賛成,賛成,賛成,賛成,賛成,賛成,賛成,賛成,賛成,賛成,賛成,賛成,賛成,賛成,賛成,賛成,賛成,賛成,賛成,賛成,賛成,賛成,賛成,賛成,賛成,賛成,賛成,賛成,賛成,賛成,賛成,賛成,賛成,賛成,賛成,賛成,賛成,賛成,賛成,賛成,賛成,賛成,賛成,賛成,賛成,賛成,賛成,賛成,賛成,賛成,賛成,賛成,賛成,賛成,賛成,賛成,賛成,賛成,賛成,賛成,賛成,賛成,賛成,賛成,賛成,賛成,賛成
宮口治子,各派に属しない議員,,,,False,0.0%,賛成,賛成,賛成,賛成,賛成,賛成,反対,賛成,賛成,賛成,反対,賛成,賛成,反対,賛成,反対,反対,賛成,反対,賛成,賛成,賛成,賛成,賛成,賛成,賛成,賛成,賛成,賛成,賛成,賛成,賛成,賛成,賛成,賛成,反対,反対,反対,反対,賛成,反対,賛成,賛成,賛成,賛成,賛成,賛成,賛成,賛成,賛成,賛成,賛成,賛成,賛成,賛成,賛成,賛成,賛成,賛成,反対,賛成,賛成,賛成,賛成,賛成,賛成,賛成,賛成,賛成,賛成,賛成,賛成,賛成,賛成,賛成,賛成,賛成,賛成,賛成,賛成,賛成,賛成,賛成,賛成,賛成,賛成,賛成,賛成,賛成,賛成,賛成,賛成,賛成,賛成,賛成,賛成,反対,反対,反対,賛成,賛成,賛成,賛成,反対,賛成,反対,反対,賛成,賛成,賛成,賛成,賛成,賛成,賛成,賛成,賛成,賛成,賛成,賛成,賛成,賛成,賛成,賛成,賛成,賛成,賛成,賛成,賛成,賛成,賛成,賛成,反対,賛成,賛成,賛成,賛成
鈴木宗男,各派に属しない議員,比例,令和13年7月28日,https://www.sangiin.go.jp/japanese/joho1/kousei/giin/profile/7019023.htm,False,13.4%,,,投票なし,投票なし,賛成,賛成,賛成,賛成,賛成,賛成,賛成,賛成,賛成,賛成,賛成,賛成,投票なし,投票なし,賛成,賛成,賛成,賛成,賛成,投票なし,投票なし,投票なし,投票なし,投票なし,賛成,賛成,賛成,賛成,賛成,賛成,賛成,賛成,賛成,賛成,賛成,賛成,賛成,賛成,賛成,賛成,賛成,賛成,賛成,賛成,賛成,賛成,賛成,賛成,賛成,賛成,賛成,賛成,賛成,賛成,投票なし,投票なし,投票なし,投票なし,投票なし,投票なし,賛成,賛成,賛成,賛成,賛成,賛成,賛成,賛成,投票なし,投票なし,投票なし,賛成,賛成,賛成,賛成,賛成,賛成,賛成,賛成,賛成,賛成,賛成,賛成,賛成,賛成,賛成,賛成,賛成,賛成,賛成,賛成,賛成,賛成,賛成,賛成,賛成,賛成,賛成,賛成,賛成,賛成,賛成,賛成,賛成,賛成,賛成,賛成,賛成,賛成,賛成,賛成,賛成,賛成,賛成,賛成,賛成,賛成,賛成,賛成,賛成,賛成,賛成,賛成,賛成,賛成,賛成,賛成,賛成,賛成,賛成,賛成,賛成
